"Global X MSCI China Energy ETF",,,,,
Date,"Closing Price","Daily Change","Daily Change %",Premium/Discount,"Premium/Discount %"
03/18/2019,12.36,0.06,0.49,0.05,0.38
03/15/2019,12.3,0.09,0.74,0.17,1.41
03/14/2019,12.21,0.38,3.21,0.16,1.33
03/13/2019,11.83,0.00,0.00,-0.10,-0.82
03/12/2019,11.83,-0.14,-1.17,-0.13,-1.07
03/11/2019,11.97,0.21,1.79,0.14,1.18
03/08/2019,11.76,-0.50,-4.08,0.03,0.29
03/07/2019,12.26,-0.02,-0.16,0.15,1.27
03/06/2019,12.28,0.08,0.66,0.15,1.21
03/05/2019,12.2,0.25,2.09,0.05,0.44
03/04/2019,11.95,-0.45,-3.63,-0.24,-1.95
03/01/2019,12.4,0.18,1.47,0.24,1.93
02/28/2019,12.22,-0.02,-0.16,0.17,1.40
02/27/2019,12.24,-0.29,-2.31,0.13,1.07
02/26/2019,12.53,0.17,1.38,0.39,3.21
02/25/2019,12.36,0.21,1.73,0.18,1.47
02/22/2019,12.15,0.15,1.25,0.15,1.28
02/21/2019,12,0.13,1.10,0.08,0.70
02/20/2019,11.87,0.12,1.02,0.03,0.24
02/19/2019,11.75,0.06,0.51,-0.01,-0.06
02/15/2019,11.69,-0.05,-0.43,0.17,1.44
02/14/2019,11.74,0.13,1.12,0.07,0.59
02/13/2019,11.61,0.12,1.04,-0.05,-0.47
02/12/2019,11.49,0.00,0.00,0.09,0.79
02/11/2019,11.49,0.10,0.88,0.06,0.48
02/08/2019,11.39,-0.07,-0.61,-0.04,-0.36
02/07/2019,11.46,-0.16,-1.38,-0.09,-0.81
02/06/2019,11.62,-0.17,-1.44,0.06,0.56
02/05/2019,11.79,0.10,0.86,0.23,2.03
02/04/2019,11.69,0.05,0.43,0.13,1.17
02/01/2019,11.64,0.19,1.66,0.11,0.92
01/31/2019,11.45,-0.07,-0.61,-0.05,-0.40
01/30/2019,11.52,0.02,0.17,0.11,0.98
01/29/2019,11.5,0.05,0.44,0.13,1.15
01/28/2019,11.45,-0.14,-1.21,0.06,0.52
01/25/2019,11.59,0.16,1.40,0.17,1.52
01/24/2019,11.43,0.15,1.33,0.12,1.08
01/23/2019,11.28,0.04,0.36,0.14,1.21
01/22/2019,11.24,-0.25,-2.18,0.02,0.22
01/18/2019,11.49,0.05,0.44,0.15,1.31
01/17/2019,11.44,0.13,1.15,0.21,1.86
01/16/2019,11.31,0.12,1.07,0.05,0.49
01/15/2019,11.19,-0.01,-0.09,0.05,0.44
01/14/2019,11.2,0.08,0.72,0.28,2.54
01/11/2019,11.12,0.04,0.36,0.09,0.84
01/10/2019,11.08,-0.03,-0.27,0.16,1.42
01/09/2019,11.11,0.15,1.37,0.19,1.76
01/08/2019,10.96,0.24,2.24,0.24,2.20
01/07/2019,10.72,-0.15,-1.38,-0.02,-0.22
01/04/2019,10.87,0.37,3.52,0.22,2.04
01/03/2019,10.5,0.13,1.25,0.16,1.50
01/02/2019,10.37,-0.52,-4.78,0.02,0.18
12/31/2018,10.89,0.39,3.71,0.25,2.36
12/28/2018,10.5,-0.37,-3.40,-0.07,-0.68
12/27/2018,10.87,-0.14,-1.27,-0.07,-0.60
12/26/2018,11.01,-0.20,-1.78,-0.04,-0.34
12/24/2018,11.21,0.00,0.00,0.11,0.97
12/21/2018,11.21,0.00,0.00,0.12,1.11
12/20/2018,11.21,-0.11,-0.97,-0.05,-0.46
12/19/2018,11.32,-0.44,-3.74,-0.03,-0.29
12/18/2018,11.76,-0.32,-2.65,0.18,1.53
12/17/2018,12.08,-0.07,-0.58,0.28,2.41
12/14/2018,12.15,-0.12,-0.98,0.26,2.18
12/13/2018,12.27,0.11,0.90,0.20,1.64
12/12/2018,12.16,0.05,0.41,0.27,2.30
12/11/2018,12.11,-0.04,-0.33,0.30,2.52
12/10/2018,12.15,-0.01,-0.08,0.27,2.25
12/07/2018,12.16,0.02,0.16,0.28,2.37
12/06/2018,12.14,-0.28,-2.25,0.17,1.40
12/05/2018,12.42,0.00,0.00,0.00,0.00
12/04/2018,12.42,0.05,0.40,-0.06,-0.50
12/03/2018,12.37,0.19,1.56,-0.02,-0.13
11/30/2018,12.18,0.08,0.66,0.01,0.11
11/29/2018,12.1,-0.09,-0.74,0.03,0.21
11/28/2018,12.19,-0.04,-0.33,0.03,0.22
11/27/2018,12.23,0.14,1.16,0.15,1.26
11/26/2018,12.09,-0.10,-0.82,-0.07,-0.55
11/23/2018,12.19,-0.01,-0.08,0.18,1.49
11/21/2018,12.2,0.16,1.33,0.20,1.68
11/20/2018,12.04,-0.09,-0.74,-0.02,-0.17
11/19/2018,12.13,-0.23,-1.86,-0.07,-0.60
11/16/2018,12.36,0.09,0.73,0.26,2.11
11/15/2018,12.27,0.11,0.90,0.16,1.35
11/14/2018,12.16,-0.18,-1.46,0.12,1.00
11/13/2018,12.34,0.22,1.82,0.12,1.02
11/12/2018,12.12,0.00,0.00,-0.11,-0.88
11/09/2018,12.12,-0.19,-1.54,-0.03,-0.22
11/08/2018,12.31,-0.07,-0.57,-0.05,-0.38
11/07/2018,12.38,0.17,1.39,0.21,1.70
11/06/2018,12.21,0.04,0.33,0.06,0.46
11/05/2018,12.17,0.32,2.70,0.16,1.35
11/02/2018,11.85,-0.37,-3.03,-0.26,-2.14
11/01/2018,12.22,0.38,3.21,0.39,3.33
10/31/2018,11.84,0.02,0.17,0.02,0.16
10/30/2018,11.82,0.16,1.37,0.13,1.12
10/29/2018,11.66,-0.20,-1.69,-0.02,-0.14
10/26/2018,11.86,0.02,0.17,0.18,1.53
10/25/2018,11.84,0.09,0.77,0.11,0.91
10/24/2018,11.75,-0.34,-2.81,-0.07,-0.61
10/23/2018,12.09,-0.16,-1.31,0.24,2.03
10/22/2018,12.25,0.38,3.20,0.06,0.48
10/19/2018,11.87,-0.11,-0.92,-0.10,-0.83
10/18/2018,11.98,0.13,1.10,-0.03,-0.29
10/17/2018,11.85,-0.53,-4.28,-0.24,-2.01
10/16/2018,12.38,0.36,3.00,0.28,2.32
10/15/2018,12.02,-0.19,-1.56,0.04,0.37
10/12/2018,12.21,0.19,1.58,0.15,1.23
10/11/2018,12.02,-0.12,-0.99,0.01,0.10
10/10/2018,12.14,-0.16,-1.30,-0.18,-1.45
10/09/2018,12.3,0.03,0.24,0.02,0.19
10/08/2018,12.27,-0.09,-0.73,0.15,1.22
10/05/2018,12.36,-0.01,-0.08,0.04,0.30
10/04/2018,12.37,-0.22,-1.75,-0.01,-0.05
10/03/2018,12.59,-0.02,-0.16,-0.02,-0.14
10/02/2018,12.61,-0.52,-3.96,0.08,0.62
10/01/2018,13.13,0.20,1.55,0.29,2.29
09/28/2018,12.93,0.04,0.31,0.09,0.71
09/27/2018,12.89,-0.01,-0.08,0.07,0.58
09/26/2018,12.9,0.09,0.70,0.08,0.62
09/25/2018,12.81,0.22,1.75,0.19,1.51
09/24/2018,12.59,-0.19,-1.49,-0.03,-0.20
09/21/2018,12.78,-0.14,-1.08,-0.03,-0.25
09/20/2018,12.92,-0.09,-0.69,0.15,1.15
09/19/2018,13.01,0.12,0.93,0.17,1.29
09/18/2018,12.89,0.29,2.30,0.21,1.65
09/17/2018,12.6,-0.09,-0.71,0.05,0.38
09/14/2018,12.69,-0.23,-1.78,0.02,0.14
09/13/2018,12.92,0.23,1.81,0.22,1.72
09/12/2018,12.69,0.22,1.76,0.30,2.44
09/11/2018,12.47,0.12,0.97,0.13,1.08
09/10/2018,12.35,-0.02,-0.16,0.05,0.42
09/07/2018,12.37,-0.10,-0.80,-0.03,-0.26
09/06/2018,12.47,0.08,0.65,0.11,0.93
09/05/2018,12.39,-0.19,-1.51,0.08,0.61
09/04/2018,12.58,-0.07,-0.55,-0.02,-0.16
08/31/2018,12.65,0.08,0.64,0.09,0.74
08/30/2018,12.57,-0.28,-2.18,-0.03,-0.25
08/29/2018,12.85,0.20,1.58,0.19,1.46
08/28/2018,12.65,-0.10,-0.78,0.05,0.40
08/27/2018,12.75,0.30,2.41,0.15,1.19
08/24/2018,12.45,0.15,1.22,0.14,1.15
08/23/2018,12.3,-0.29,-2.30,0.02,0.19
08/22/2018,12.59,0.06,0.48,0.17,1.40
08/21/2018,12.53,0.36,2.96,0.19,1.54
08/20/2018,12.17,-0.23,-1.85,-0.12,-0.98
08/17/2018,12.4,0.14,1.14,0.29,2.35
08/16/2018,12.26,0.02,0.16,0.14,1.18
08/15/2018,12.24,-0.47,-3.70,0.04,0.33
08/14/2018,12.71,0.14,1.11,0.20,1.61
08/13/2018,12.57,-0.12,-0.95,0.13,1.01
08/10/2018,12.69,-0.27,-2.08,0.04,0.32
08/09/2018,12.96,0.01,0.08,0.15,1.18
08/08/2018,12.95,0.25,1.97,0.10,0.75
08/07/2018,12.7,0.13,1.03,0.00,0.04
08/06/2018,12.57,-0.13,-1.02,0.10,0.76
08/03/2018,12.7,0.04,0.32,0.24,1.89
08/02/2018,12.66,-0.21,-1.63,0.19,1.50
08/01/2018,12.87,-0.20,-1.53,0.11,0.86
07/31/2018,13.07,0.08,0.62,0.21,1.61
07/30/2018,12.99,0.03,0.23,0.12,0.94
07/27/2018,12.96,0.01,0.08,0.10,0.76
07/26/2018,12.95,-0.15,-1.15,0.12,0.96
07/25/2018,13.1,0.16,1.24,0.26,2.04
07/24/2018,12.94,0.21,1.65,0.21,1.67
07/23/2018,12.73,-0.04,-0.31,0.03,0.22
07/20/2018,12.77,0.32,2.57,0.08,0.64
07/19/2018,12.45,-0.17,-1.35,-0.06,-0.51
07/18/2018,12.62,-0.04,-0.32,0.11,0.86
07/17/2018,12.66,-0.03,-0.24,0.15,1.19
07/16/2018,12.69,0.00,0.00,0.07,0.59
07/13/2018,12.69,0.01,0.08,0.16,1.26
07/12/2018,12.68,0.14,1.12,0.15,1.21
07/11/2018,12.54,-0.10,-0.79,0.12,0.93
07/10/2018,12.64,-0.11,-0.86,0.08,0.65
07/09/2018,12.75,0.25,2.00,0.22,1.78
07/06/2018,12.5,0.19,1.54,0.20,1.66
07/05/2018,12.31,-0.10,-0.81,0.08,0.66
07/03/2018,12.41,0.12,0.98,-0.04,-0.29
07/02/2018,12.29,-0.20,-1.60,-0.21,-1.64
06/29/2018,12.49,0.10,0.81,-0.01,-0.05
06/28/2018,12.39,0.13,1.06,0.12,0.99
06/27/2018,12.26,-0.19,-1.53,0.03,0.26
06/26/2018,12.45,-0.03,-0.24,0.09,0.76
06/25/2018,12.48,-0.09,-0.72,0.05,0.39
06/22/2018,12.57,0.27,2.20,0.13,1.03
06/21/2018,12.3,-0.19,-1.52,-0.04,-0.35
06/20/2018,12.49,0.06,0.48,0.05,0.44
06/19/2018,12.43,-0.26,-2.05,0.12,0.96
06/18/2018,12.69,-0.06,-0.47,0.04,0.32
06/15/2018,12.75,-0.12,-0.93,0.10,0.80
06/14/2018,12.87,-0.25,-1.91,0.11,0.89
06/13/2018,13.12,-0.12,-0.91,0.19,1.43
06/12/2018,13.24,0.17,1.30,0.13,1.01
06/11/2018,13.07,-0.17,-1.28,0.06,0.42
06/08/2018,13.24,0.00,0.00,0.27,2.06
06/07/2018,13.24,-0.28,-2.07,0.04,0.30
06/06/2018,13.52,0.21,1.58,0.38,2.89
06/05/2018,13.31,0.00,0.00,0.22,1.71
06/04/2018,13.31,0.00,0.00,0.19,1.47
06/01/2018,13.31,0.45,3.50,0.25,1.89
05/31/2018,12.86,0.00,0.00,-0.17,-1.33
05/30/2018,12.86,0.11,0.86,0.21,1.68
05/29/2018,12.75,-0.14,-1.09,0.00,0.02
05/25/2018,12.89,-0.17,-1.30,0.11,0.84
05/24/2018,13.06,0.03,0.23,0.10,0.76
05/23/2018,13.03,-0.35,-2.62,0.17,1.32
05/22/2018,13.38,0.16,1.21,0.19,1.44
05/21/2018,13.22,0.04,0.30,0.03,0.21
05/18/2018,13.18,0.28,2.17,0.10,0.76
05/17/2018,12.9,-0.06,-0.46,0.11,0.83
05/16/2018,12.96,-0.06,-0.46,0.10,0.81
05/15/2018,13.02,-0.21,-1.59,0.16,1.26
05/14/2018,13.23,0.13,0.99,0.34,2.66
05/11/2018,13.1,-0.01,-0.08,0.35,2.76
05/10/2018,13.11,0.21,1.63,0.41,3.19
05/09/2018,12.9,0.32,2.54,0.34,2.73
05/08/2018,12.58,-0.05,-0.40,0.20,1.62
05/07/2018,12.63,0.13,1.04,0.27,2.18
05/04/2018,12.5,0.04,0.32,0.26,2.12
05/03/2018,12.46,0.12,0.97,0.14,1.18
05/02/2018,12.34,0.05,0.41,-0.07,-0.57
05/01/2018,12.29,-0.10,-0.81,-0.13,-1.07
04/30/2018,12.39,0.12,0.98,-0.04,-0.30
04/27/2018,12.27,0.05,0.41,-0.06,-0.52
04/26/2018,12.22,0.09,0.74,0.08,0.69
04/25/2018,12.13,0.02,0.17,-0.05,-0.39
04/24/2018,12.11,0.07,0.58,-0.12,-1.02
04/23/2018,12.04,-0.04,-0.33,-0.03,-0.27
04/20/2018,12.08,-0.08,-0.66,-0.08,-0.65
04/19/2018,12.16,0.05,0.41,-0.11,-0.93
04/18/2018,12.11,0.01,0.08,0.07,0.59
04/17/2018,12.1,0.08,0.67,0.17,1.38
04/16/2018,12.02,-0.01,-0.08,0.05,0.43
04/13/2018,12.03,-0.16,-1.31,-0.07,-0.55
04/12/2018,12.19,0.10,0.83,0.03,0.23
04/11/2018,12.09,0.12,1.00,0.00,-0.02
04/10/2018,11.97,0.10,0.84,0.00,-0.00
04/09/2018,11.87,0.07,0.59,-0.08,-0.67
04/06/2018,11.8,-0.22,-1.83,-0.07,-0.58
04/05/2018,12.02,0.00,0.00,0.27,2.34
04/04/2018,12.02,0.15,1.26,0.28,2.35
04/03/2018,11.87,0.13,1.11,0.03,0.28
04/02/2018,11.74,-0.23,-1.92,-0.08,-0.66
03/29/2018,11.97,0.22,1.87,0.15,1.30
03/28/2018,11.75,-0.01,-0.09,-0.03,-0.28
03/27/2018,11.76,-0.16,-1.34,-0.20,-1.69
03/26/2018,11.92,0.50,4.38,0.09,0.75
03/23/2018,11.42,-0.14,-1.21,-0.22,-1.92
03/22/2018,11.56,-0.37,-3.10,-0.28,-2.36
03/21/2018,11.93,0.05,0.42,0.04,0.30
03/20/2018,11.88,0.33,2.86,0.07,0.55
03/19/2018,11.55,-0.10,-0.86,-0.10,-0.88
03/16/2018,11.65,0.04,0.34,-0.01,-0.12
03/15/2018,11.61,-0.01,-0.09,-0.05,-0.41
03/14/2018,11.62,0.11,0.96,-0.07,-0.63
03/13/2018,11.51,-0.17,-1.46,-0.14,-1.24
03/12/2018,11.68,-0.05,-0.43,-0.02,-0.14
03/09/2018,11.73,0.22,1.91,0.16,1.35
03/08/2018,11.51,0.13,1.14,0.01,0.11
03/07/2018,11.38,-0.08,-0.70,0.08,0.71
03/06/2018,11.46,0.02,0.17,0.00,-0.02
03/05/2018,11.44,-0.03,-0.26,0.17,1.55
03/02/2018,11.47,0.08,0.70,-0.02,-0.14
03/01/2018,11.39,-0.04,-0.35,-0.20,-1.73
02/28/2018,11.43,-0.14,-1.21,-0.16,-1.38
02/27/2018,11.57,-0.34,-2.85,-0.15,-1.24
02/26/2018,11.91,0.16,1.36,0.13,1.09
02/23/2018,11.75,0.16,1.38,0.04,0.36
02/22/2018,11.59,0.01,0.09,0.02,0.19
02/21/2018,11.58,0.10,0.87,-0.08,-0.64
02/20/2018,11.48,-0.16,-1.37,-0.02,-0.17
02/16/2018,11.64,0.00,0.00,0.15,1.33
02/15/2018,11.64,0.23,2.02,0.15,1.31
02/14/2018,11.41,0.23,2.06,0.10,0.85
02/13/2018,11.18,0.03,0.27,-0.01,-0.06
02/12/2018,11.15,-0.01,-0.09,0.08,0.70
02/09/2018,11.16,0.06,0.54,0.01,0.09
02/08/2018,11.1,-0.51,-4.39,-0.34,-2.95
02/07/2018,11.61,-0.34,-2.85,0.10,0.83
02/06/2018,11.95,0.28,2.40,0.37,3.22
02/05/2018,11.67,-0.37,-3.07,-0.44,-3.65
02/02/2018,12.04,0.01,0.08,-0.31,-2.49
02/01/2018,12.03,-0.15,-1.23,-0.06,-0.50
01/31/2018,12.18,0.03,0.25,0.02,0.16
01/30/2018,12.15,-0.19,-1.54,-0.07,-0.58
01/29/2018,12.34,-0.13,-1.04,-0.08,-0.63
01/26/2018,12.47,0.18,1.46,0.10,0.83
01/25/2018,12.29,0.13,1.07,0.00,0.01
01/24/2018,12.16,0.23,1.93,0.03,0.21
01/23/2018,11.93,0.07,0.59,0.02,0.18
01/22/2018,11.86,-0.04,-0.34,0.02,0.13
01/19/2018,11.9,0.07,0.59,0.10,0.83
01/18/2018,11.83,-0.01,-0.08,0.04,0.36
01/17/2018,11.84,0.08,0.68,0.09,0.77
01/16/2018,11.76,-0.28,-2.33,-0.06,-0.52
01/12/2018,12.04,0.22,1.86,0.16,1.32
01/11/2018,11.82,0.11,0.94,0.06,0.53
01/10/2018,11.71,0.01,0.09,-0.04,-0.34
01/09/2018,11.7,-0.06,-0.51,-0.02,-0.19
01/08/2018,11.76,0.02,0.17,0.02,0.17
01/05/2018,11.74,0.01,0.09,0.04,0.36
01/04/2018,11.73,0.08,0.69,0.06,0.47
01/03/2018,11.65,0.06,0.52,0.09,0.74
01/02/2018,11.59,0.24,2.11,0.03,0.27
12/29/2017,11.35,-0.02,-0.18,-0.02,-0.21
12/28/2017,11.37,-0.40,-3.40,-0.01,-0.05
12/27/2017,11.77,0.00,0.00,-0.01,-0.09
12/26/2017,11.77,0.02,0.17,0.04,0.37
12/22/2017,11.75,0.04,0.34,0.03,0.22
12/21/2017,11.71,0.22,1.91,0.06,0.50
12/20/2017,11.49,0.03,0.26,-0.05,-0.43
12/19/2017,11.46,-0.03,-0.26,-0.06,-0.53
12/18/2017,11.49,0.18,1.59,0.04,0.38
12/15/2017,11.31,-0.07,-0.62,-0.07,-0.62
12/14/2017,11.38,-0.11,-0.96,-0.13,-1.09
12/13/2017,11.49,0.15,1.32,-0.04,-0.37
12/12/2017,11.34,0.00,0.00,-0.08,-0.72
12/11/2017,11.34,-0.06,-0.53,-0.08,-0.68
12/08/2017,11.4,0.02,0.18,0.02,0.14
12/07/2017,11.38,-0.05,-0.44,0.04,0.39
12/06/2017,11.43,-0.16,-1.38,0.05,0.41
12/05/2017,11.59,0.05,0.43,0.02,0.20
12/04/2017,11.54,0.04,0.35,-0.06,-0.51
12/01/2017,11.5,-0.08,-0.69,-0.05,-0.43
11/30/2017,11.58,-0.07,-0.60,0.05,0.40
11/29/2017,11.65,-0.08,-0.68,-0.02,-0.15
11/28/2017,11.73,0.09,0.77,0.13,1.09
11/27/2017,11.64,-0.05,-0.43,0.00,-0.01
11/24/2017,11.69,0.11,0.95,0.03,0.23
11/22/2017,11.58,-0.02,-0.17,-0.01,-0.09
11/21/2017,11.6,0.07,0.61,0.10,0.89
11/20/2017,11.53,0.04,0.35,0.09,0.76
11/17/2017,11.49,-0.23,-1.96,0.00,-0.04
11/16/2017,11.72,0.07,0.60,0.11,0.91
11/15/2017,11.65,-0.08,-0.68,0.00,0.04
11/14/2017,11.73,-0.10,-0.85,-0.05,-0.40
11/13/2017,11.83,-0.12,-1.00,0.00,-0.00
11/10/2017,11.95,0.06,0.50,0.05,0.45
11/09/2017,11.89,-0.02,-0.17,-0.09,-0.74
11/08/2017,11.91,0.03,0.25,0.03,0.23
11/07/2017,11.88,0.12,1.02,0.02,0.18
11/06/2017,11.76,0.09,0.77,0.01,0.13
11/03/2017,11.67,-0.07,-0.60,-0.06,-0.49
11/02/2017,11.74,0.15,1.29,0.01,0.05
11/01/2017,11.59,-0.03,-0.26,-0.08,-0.68
10/31/2017,11.62,0.04,0.35,-0.07,-0.62
10/30/2017,11.58,-0.04,-0.34,-0.07,-0.61
10/27/2017,11.62,0.07,0.61,0.02,0.19
10/26/2017,11.55,0.01,0.09,-0.05,-0.40
10/25/2017,11.54,0.01,0.09,-0.12,-1.03
10/24/2017,11.53,-0.01,-0.09,-0.02,-0.20
10/23/2017,11.54,-0.05,-0.43,-0.08,-0.72
10/20/2017,11.59,0.02,0.17,-0.06,-0.53
10/19/2017,11.57,-0.12,-1.03,0.02,0.20
10/18/2017,11.69,0.07,0.60,-0.03,-0.23
10/17/2017,11.62,-0.03,-0.26,-0.07,-0.59
10/16/2017,11.65,-0.02,-0.17,-0.03,-0.28
10/13/2017,11.67,0.13,1.13,0.02,0.13
10/12/2017,11.54,-0.02,-0.17,-0.04,-0.33
10/11/2017,11.56,0.01,0.09,-0.02,-0.13
10/10/2017,11.55,-0.02,-0.17,0.02,0.15
10/09/2017,11.57,0.01,0.09,0.03,0.27
10/06/2017,11.56,-0.10,-0.86,-0.05,-0.40
10/05/2017,11.66,0.11,0.95,0.11,0.92
10/04/2017,11.55,-0.01,-0.09,-0.01,-0.10
10/03/2017,11.56,0.04,0.35,0.04,0.37
10/02/2017,11.52,0.04,0.35,0.08,0.74
09/29/2017,11.48,0.19,1.68,0.05,0.40
09/28/2017,11.29,-0.01,-0.09,-0.03,-0.26
09/27/2017,11.3,-0.02,-0.18,-0.08,-0.66
09/26/2017,11.32,0.21,1.89,-0.02,-0.19
09/25/2017,11.11,-0.19,-1.68,-0.09,-0.80
09/22/2017,11.3,-0.05,-0.44,-0.05,-0.41
09/21/2017,11.35,0.01,0.09,-0.07,-0.61
09/20/2017,11.34,-0.01,-0.09,-0.08,-0.68
09/19/2017,11.35,-0.01,-0.09,-0.03,-0.22
09/18/2017,11.36,0.02,0.18,-0.02,-0.21
09/15/2017,11.34,0.07,0.62,0.01,0.06
09/14/2017,11.27,0.00,0.00,-0.07,-0.59
09/13/2017,11.27,-0.08,-0.70,-0.07,-0.66
09/12/2017,11.35,-0.02,-0.18,-0.04,-0.31
09/11/2017,11.37,0.07,0.62,0.00,-0.02
09/08/2017,11.3,0.05,0.44,-0.06,-0.50
09/07/2017,11.25,0.05,0.45,0.01,0.10
09/06/2017,11.2,0.07,0.63,0.01,0.07
09/05/2017,11.13,-0.16,-1.42,-0.07,-0.61
09/01/2017,11.29,0.07,0.62,0.00,0.00
08/31/2017,11.22,0.12,1.08,-0.01,-0.09
08/30/2017,11.1,0.04,0.36,-0.05,-0.47
08/29/2017,11.06,0.03,0.27,0.02,0.21
08/28/2017,11.03,0.00,0.00,-0.03,-0.29
08/25/2017,11.03,0.08,0.73,0.00,-0.01
08/24/2017,10.95,-0.14,-1.26,0.00,0.03
08/23/2017,11.09,0.07,0.64,0.10,0.95
08/22/2017,11.02,0.06,0.55,0.04,0.32
08/21/2017,10.96,0.03,0.27,0.00,0.01
08/18/2017,10.93,0.03,0.28,0.00,-0.04
08/17/2017,10.9,-0.17,-1.54,-0.12,-1.06
08/16/2017,11.07,0.11,1.00,0.08,0.76
08/15/2017,10.96,-0.10,-0.90,-0.01,-0.10
08/14/2017,11.06,0.03,0.27,-0.01,-0.08
08/11/2017,11.03,0.05,0.46,0.02,0.22
08/10/2017,10.98,-0.22,-1.96,-0.18,-1.61
08/09/2017,11.2,-0.02,-0.18,-0.04,-0.35
08/08/2017,11.22,0.01,0.09,-0.04,-0.37
08/07/2017,11.21,-0.02,-0.18,-0.05,-0.47
08/04/2017,11.23,-0.02,-0.18,-0.01,-0.07
08/03/2017,11.25,0.02,0.18,0.01,0.12
08/02/2017,11.23,0.07,0.63,-0.04,-0.37
08/01/2017,11.16,-0.01,-0.09,-0.05,-0.46
07/31/2017,11.17,0.02,0.18,-0.05,-0.43
07/28/2017,11.15,0.06,0.54,0.00,0.02
07/27/2017,11.09,-0.12,-1.07,-0.10,-0.91
07/26/2017,11.21,0.09,0.81,0.00,-0.00
07/25/2017,11.12,-0.04,-0.36,-0.02,-0.22
07/24/2017,11.16,-0.03,-0.27,-0.05,-0.47
07/21/2017,11.19,0.12,1.08,-0.03,-0.25
07/20/2017,11.07,-0.09,-0.81,-0.08,-0.69
07/19/2017,11.16,0.14,1.27,-0.01,-0.06
07/18/2017,11.02,-0.02,-0.18,-0.04,-0.34
07/17/2017,11.04,-0.08,-0.72,-0.01,-0.13
07/14/2017,11.12,0.06,0.54,0.02,0.20
07/13/2017,11.06,0.01,0.09,0.00,0.01
07/12/2017,11.05,0.20,1.84,0.12,1.09
07/11/2017,10.85,0.10,0.93,-0.01,-0.07
07/10/2017,10.75,0.00,0.00,-0.03,-0.24
07/07/2017,10.75,0.10,0.94,-0.02,-0.20
07/06/2017,10.65,-0.12,-1.11,-0.10,-0.97
07/05/2017,10.77,0.04,0.37,-0.01,-0.05
07/03/2017,10.73,0.03,0.28,0.01,0.13
06/30/2017,10.7,0.02,0.19,-0.03,-0.28
06/29/2017,10.68,-0.05,-0.47,-0.11,-1.01
06/28/2017,10.73,0.06,0.56,0.02,0.18
06/27/2017,10.67,-0.12,-1.11,-0.10,-0.95
06/26/2017,10.79,0.07,0.65,-0.02,-0.23
06/23/2017,10.72,0.07,0.66,-0.04,-0.37
06/22/2017,10.65,0.11,1.04,-0.01,-0.09
06/21/2017,10.54,0.02,0.19,-0.04,-0.40
06/20/2017,10.52,-0.12,-1.13,-0.11,-1.03
06/19/2017,10.64,0.11,1.04,-0.01,-0.08
06/16/2017,10.53,0.00,0.00,-0.03,-0.31
06/15/2017,10.53,-0.07,-0.66,-0.03,-0.30
06/14/2017,10.6,-0.04,-0.38,-0.07,-0.65
06/13/2017,10.64,0.05,0.47,-0.02,-0.18
06/12/2017,10.59,-0.06,-0.56,-0.03,-0.27
06/09/2017,10.65,-0.16,-1.48,-0.07,-0.61
06/08/2017,10.81,-0.01,-0.09,-0.01,-0.12
06/07/2017,10.82,-0.02,-0.18,-0.03,-0.32
06/06/2017,10.84,0.05,0.46,0.00,-0.03
06/05/2017,10.79,0.00,0.00,-0.04,-0.41
06/02/2017,10.79,0.01,0.09,0.00,-0.00
06/01/2017,10.78,0.06,0.56,0.02,0.20
05/31/2017,10.72,-0.01,-0.09,-0.03,-0.31
05/30/2017,10.73,0.02,0.19,-0.04,-0.33
05/26/2017,10.71,-0.04,-0.37,-0.02,-0.15
05/25/2017,10.75,0.07,0.66,-0.01,-0.10
05/24/2017,10.68,0.01,0.09,-0.02,-0.17
05/23/2017,10.67,-0.05,-0.47,-0.01,-0.13
05/22/2017,10.72,0.04,0.37,0.00,0.03
05/19/2017,10.68,0.03,0.28,0.04,0.41
05/18/2017,10.65,0.04,0.38,-0.01,-0.09
05/17/2017,10.61,-0.12,-1.12,-0.11,-0.99
05/16/2017,10.73,0.07,0.66,0.01,0.09
05/15/2017,10.66,0.00,0.00,0.04,0.40
05/12/2017,10.66,0.03,0.28,0.02,0.22
05/11/2017,10.63,-0.01,-0.09,-0.04,-0.34
05/10/2017,10.64,-0.01,-0.09,0.01,0.08
05/09/2017,10.65,0.21,2.01,-0.03,-0.25
05/08/2017,10.44,0.00,0.00,-0.04,-0.43
05/05/2017,10.44,-0.04,-0.38,0.01,0.09
05/04/2017,10.48,-0.09,-0.85,-0.11,-1.04
05/03/2017,10.57,-0.04,-0.38,-0.05,-0.50
05/02/2017,10.61,-0.09,-0.84,-0.01,-0.12
05/01/2017,10.7,0.03,0.28,0.01,0.08
04/28/2017,10.67,0.03,0.28,-0.02,-0.23
04/27/2017,10.64,-0.03,-0.28,-0.06,-0.52
04/26/2017,10.67,-0.03,-0.28,-0.05,-0.50
04/25/2017,10.7,0.07,0.66,-0.02,-0.22
04/24/2017,10.63,0.01,0.09,0.00,-0.01
04/21/2017,10.62,-0.02,-0.19,-0.02,-0.22
04/20/2017,10.64,0.07,0.66,-0.02,-0.15
04/19/2017,10.57,-0.13,-1.21,-0.06,-0.61
04/18/2017,10.7,-0.23,-2.10,-0.04,-0.39
04/17/2017,10.93,0.05,0.46,-0.02,-0.23
04/13/2017,10.88,-0.04,-0.37,-0.07,-0.68
04/12/2017,10.92,0.01,0.09,-0.06,-0.59
04/11/2017,10.91,-0.14,-1.27,-0.03,-0.31
04/10/2017,11.05,-0.02,-0.18,-0.03,-0.30
04/07/2017,11.07,0.11,1.00,0.00,-0.03
04/06/2017,10.96,-0.01,-0.09,-0.02,-0.18
04/05/2017,10.97,0.05,0.46,-0.03,-0.25
04/04/2017,10.92,0.02,0.18,0.01,0.13
04/03/2017,10.9,0.14,1.30,-0.01,-0.06
03/31/2017,10.76,-0.08,-0.74,-0.03,-0.27
03/30/2017,10.84,0.00,0.00,0.00,-0.03
03/29/2017,10.84,-0.06,-0.55,-0.02,-0.16
03/28/2017,10.9,0.05,0.46,0.02,0.21
03/27/2017,10.85,-0.03,-0.28,0.03,0.23
03/24/2017,10.88,0.01,0.09,-0.01,-0.08
03/23/2017,10.87,0.00,0.00,0.00,-0.03
03/22/2017,10.87,0.03,0.28,0.01,0.10
03/21/2017,10.84,-0.10,-0.91,-0.15,-1.34
03/20/2017,10.94,0.18,1.67,-0.01,-0.11
03/17/2017,10.76,-0.04,-0.37,-0.06,-0.54
03/16/2017,10.8,0.15,1.41,0.00,-0.00
03/15/2017,10.65,0.13,1.24,0.08,0.77
03/14/2017,10.52,-0.04,-0.38,-0.07,-0.69
03/13/2017,10.56,0.08,0.76,0.00,0.01
03/10/2017,10.48,-0.05,-0.47,-0.01,-0.07
03/09/2017,10.53,-0.15,-1.40,-0.05,-0.46
03/08/2017,10.68,0.00,0.00,-0.09,-0.86
03/07/2017,10.68,-0.01,-0.09,-0.04,-0.40
03/06/2017,10.69,-0.01,-0.09,-0.01,-0.14
03/03/2017,10.7,0.07,0.66,0.02,0.16
03/02/2017,10.63,-0.08,-0.75,-0.08,-0.71
03/01/2017,10.71,0.13,1.23,0.08,0.80
02/28/2017,10.58,0.01,0.09,-0.01,-0.06
02/27/2017,10.57,-0.08,-0.75,-0.06,-0.55
02/24/2017,10.65,-0.08,-0.75,-0.05,-0.49
02/23/2017,10.73,-0.02,-0.19,-0.03,-0.25
02/22/2017,10.75,0.06,0.56,-0.05,-0.49
02/21/2017,10.69,0.07,0.66,-0.02,-0.17
02/17/2017,10.62,-0.03,-0.28,-0.03,-0.26
02/16/2017,10.65,-0.10,-0.93,-0.04,-0.34
02/15/2017,10.75,0.05,0.47,0.01,0.09
02/14/2017,10.7,0.02,0.19,0.00,0.05
02/13/2017,10.68,0.09,0.85,-0.03,-0.28
02/10/2017,10.59,0.05,0.47,-0.02,-0.19
02/09/2017,10.54,0.07,0.67,-0.02,-0.23
02/08/2017,10.47,0.03,0.29,-0.08,-0.74
02/07/2017,10.44,0.05,0.48,-0.07,-0.64
02/06/2017,10.39,-0.06,-0.57,-0.11,-1.09
02/03/2017,10.45,-0.01,-0.10,-0.03,-0.29
02/02/2017,10.46,0.00,0.00,-0.03,-0.33
02/01/2017,10.46,-0.04,-0.38,-0.07,-0.66
01/31/2017,10.5,0.00,0.00,-0.07,-0.65
01/30/2017,10.5,-0.04,-0.38,-0.07,-0.66
01/27/2017,10.54,0.02,0.19,-0.03,-0.31
01/26/2017,10.52,-0.04,-0.38,-0.07,-0.70
01/25/2017,10.56,0.09,0.86,0.02,0.24
01/24/2017,10.47,0.09,0.87,-0.02,-0.15
01/23/2017,10.38,0.02,0.19,-0.01,-0.10
01/20/2017,10.36,-0.03,-0.29,-0.04,-0.36
01/19/2017,10.39,-0.09,-0.86,-0.09,-0.89
01/18/2017,10.48,0.03,0.29,-0.09,-0.85
01/17/2017,10.45,0.04,0.38,-0.02,-0.16
01/13/2017,10.41,0.10,0.97,-0.06,-0.53
01/12/2017,10.31,-0.05,-0.48,-0.01,-0.08
01/11/2017,10.36,0.05,0.48,0.01,0.07
01/10/2017,10.31,0.14,1.38,-0.01,-0.07
01/09/2017,10.17,0.10,0.99,-0.06,-0.63
01/06/2017,10.07,-0.02,-0.20,-0.07,-0.68
01/05/2017,10.09,0.13,1.31,-0.02,-0.15
01/04/2017,9.96,0.10,1.01,0.01,0.12
01/03/2017,9.86,0.10,1.02,-0.06,-0.64
12/30/2016,9.76,0.00,0.00,-0.11,-1.10
12/29/2016,9.76,0.09,0.93,-0.04,-0.42
12/28/2016,9.67,-0.21,-2.13,-0.12,-1.22
12/27/2016,9.88,0.00,0.00,-0.07,-0.71
12/23/2016,9.88,-0.04,-0.40,-0.07,-0.73
12/22/2016,9.92,-0.13,-1.29,-0.09,-0.91
12/21/2016,10.05,-0.02,-0.20,-0.08,-0.83
12/20/2016,10.07,-0.02,-0.20,-0.04,-0.36
12/19/2016,10.09,0.02,0.20,-0.06,-0.58
12/16/2016,10.07,-0.08,-0.79,-0.14,-1.34
12/15/2016,10.15,-0.08,-0.78,-0.06,-0.62
12/14/2016,10.23,-0.13,-1.25,-0.18,-1.69
12/13/2016,10.36,0.20,1.97,0.00,0.03
12/12/2016,10.16,-0.15,-1.45,-0.09,-0.91
12/09/2016,10.31,-0.08,-0.77,-0.04,-0.40
12/08/2016,10.39,-0.04,-0.38,-0.03,-0.31
12/07/2016,10.43,0.13,1.26,0.05,0.50
12/06/2016,10.3,0.02,0.19,-0.03,-0.25
12/05/2016,10.28,-0.04,-0.39,-0.01,-0.06
12/02/2016,10.32,-0.02,-0.19,-0.03,-0.29
12/01/2016,10.34,0.09,0.88,-0.08,-0.75
11/30/2016,10.25,-0.01,-0.10,-0.02,-0.18
11/29/2016,10.26,0.03,0.29,-0.06,-0.62
11/28/2016,10.23,0.04,0.39,-0.11,-1.04
11/25/2016,10.19,-0.03,-0.29,-0.07,-0.66
11/23/2016,10.22,-0.13,-1.26,-0.09,-0.83
11/22/2016,10.35,0.29,2.88,0.03,0.27
11/21/2016,10.06,0.02,0.20,-0.04,-0.36
11/18/2016,10.04,-0.05,-0.50,-0.08,-0.80
11/17/2016,10.09,0.06,0.60,-0.03,-0.29
11/16/2016,10.03,-0.08,-0.79,-0.10,-1.01
11/15/2016,10.11,0.04,0.40,-0.02,-0.20
11/14/2016,10.07,-0.07,-0.69,-0.05,-0.50
11/11/2016,10.14,-0.18,-1.74,-0.11,-1.07
11/10/2016,10.32,-0.20,-1.90,-0.14,-1.36
11/09/2016,10.52,-0.13,-1.22,0.15,1.44
11/08/2016,10.65,-0.01,-0.09,0.03,0.27
11/07/2016,10.66,0.35,3.39,0.03,0.27
11/04/2016,10.31,-0.08,-0.77,-0.17,-1.62
11/03/2016,10.39,-0.05,-0.48,-0.09,-0.86
11/02/2016,10.44,-0.12,-1.14,-0.12,-1.15
11/01/2016,10.56,0.09,0.86,-0.15,-1.41
10/31/2016,10.47,-0.01,-0.10,-0.09,-0.84
10/28/2016,10.48,-0.13,-1.23,-0.12,-1.14
10/27/2016,10.61,-0.14,-1.30,-0.08,-0.78
10/26/2016,10.75,-0.10,-0.92,-0.07,-0.69
10/25/2016,10.85,-0.06,-0.55,-0.11,-1.00
10/24/2016,10.91,0.08,0.74,-0.08,-0.77
10/21/2016,10.83,-0.01,-0.09,-0.06,-0.58
10/20/2016,10.84,0.08,0.74,-0.05,-0.48
10/19/2016,10.76,0.06,0.56,-0.01,-0.12
10/18/2016,10.7,0.11,1.04,-0.08,-0.70
10/17/2016,10.59,-0.07,-0.66,-0.06,-0.55
10/14/2016,10.66,0.06,0.57,-0.05,-0.51
10/13/2016,10.6,-0.10,-0.93,-0.02,-0.22
10/12/2016,10.7,0.02,0.19,-0.07,-0.67
10/11/2016,10.68,-0.25,-2.29,-0.13,-1.20
10/10/2016,10.93,0.08,0.74,0.02,0.20
10/07/2016,10.85,-0.08,-0.73,-0.06,-0.52
10/06/2016,10.93,0.06,0.55,-0.04,-0.40
10/05/2016,10.87,0.34,3.23,0.06,0.59
10/04/2016,10.53,-0.06,-0.57,-0.13,-1.22
10/03/2016,10.59,-0.01,-0.09,-0.05,-0.46
09/30/2016,10.6,0.00,0.00,0.06,0.58
09/29/2016,10.6,0.04,0.38,-0.14,-1.34
09/28/2016,10.56,0.06,0.57,0.03,0.28
09/27/2016,10.5,0.09,0.86,-0.06,-0.56
09/26/2016,10.41,-0.16,-1.51,-0.09,-0.88
09/23/2016,10.57,-0.14,-1.31,-0.10,-0.90
09/22/2016,10.71,0.04,0.37,0.01,0.05
09/21/2016,10.67,0.24,2.30,0.05,0.50
09/20/2016,10.43,0.05,0.48,-0.08,-0.74
09/19/2016,10.38,-0.01,-0.10,-0.11,-1.07
09/16/2016,10.39,-0.03,-0.29,0.01,0.09
09/15/2016,10.42,0.12,1.17,0.04,0.35
09/14/2016,10.3,-0.02,-0.19,-0.08,-0.79
09/13/2016,10.32,-0.30,-2.82,-0.11,-1.03
09/12/2016,10.62,0.14,1.34,0.13,1.21
09/09/2016,10.48,-0.22,-2.06,-0.30,-2.77
09/08/2016,10.7,0.11,1.04,-0.04,-0.40
09/07/2016,10.59,0.00,0.00,-0.05,-0.48
09/06/2016,10.59,0.11,1.05,-0.05,-0.44
09/02/2016,10.48,0.17,1.65,0.05,0.43
09/01/2016,10.31,-0.10,-0.96,-0.04,-0.42
08/31/2016,10.41,-0.09,-0.86,-0.09,-0.86
08/30/2016,10.5,0.03,0.29,-0.06,-0.56
08/29/2016,10.47,0.00,0.00,-0.04,-0.39
08/26/2016,10.47,0.01,0.10,-0.12,-1.18
08/25/2016,10.46,-0.03,-0.29,-0.04,-0.41
08/24/2016,10.49,-0.03,-0.29,-0.09,-0.83
08/23/2016,10.52,0.01,0.10,-0.07,-0.63
08/22/2016,10.51,-0.15,-1.41,-0.11,-1.04
08/19/2016,10.66,-0.06,-0.56,-0.05,-0.43
08/18/2016,10.72,-0.03,-0.28,-0.02,-0.16
08/17/2016,10.75,0.06,0.56,-0.03,-0.30
08/16/2016,10.69,-0.01,-0.09,-0.04,-0.39
08/15/2016,10.7,0.08,0.75,0.00,-0.03
08/12/2016,10.62,0.09,0.85,-0.05,-0.45
08/11/2016,10.53,0.09,0.86,0.04,0.38
08/10/2016,10.44,-0.03,-0.29,-0.06,-0.59
08/09/2016,10.47,0.06,0.58,-0.02,-0.22
08/08/2016,10.41,0.00,0.00,-0.07,-0.69
08/05/2016,10.41,0.08,0.77,0.02,0.24
08/04/2016,10.33,0.03,0.29,0.00,0.05
08/03/2016,10.3,-0.04,-0.39,0.03,0.26
08/02/2016,10.34,0.00,0.00,-0.15,-1.38
08/01/2016,10.34,0.02,0.19,-0.15,-1.40
07/29/2016,10.32,-0.08,-0.77,0.00,-0.01
07/28/2016,10.4,-0.03,-0.29,-0.06,-0.61
07/27/2016,10.43,-0.07,-0.67,-0.07,-0.63
07/26/2016,10.5,0.10,0.96,0.00,-0.02
07/25/2016,10.4,-0.08,-0.76,-0.07,-0.70
07/22/2016,10.48,0.04,0.38,0.00,-0.05
07/21/2016,10.44,-0.02,-0.19,-0.09,-0.87
07/20/2016,10.46,0.08,0.77,-0.02,-0.20
07/19/2016,10.38,-0.07,-0.67,-0.04,-0.37
07/18/2016,10.45,-0.05,-0.48,-0.04,-0.36
07/15/2016,10.5,0.03,0.29,0.02,0.16
07/14/2016,10.47,0.05,0.48,0.01,0.07
07/13/2016,10.42,-0.03,-0.29,-0.02,-0.21
07/12/2016,10.45,0.16,1.55,0.06,0.53
07/11/2016,10.29,0.02,0.19,0.03,0.29
07/08/2016,10.27,0.13,1.28,0.14,1.42
07/07/2016,10.14,-0.01,-0.10,-0.09,-0.92
07/06/2016,10.15,-0.01,-0.10,0.04,0.39
07/05/2016,10.16,-0.30,-2.87,-0.06,-0.55
07/01/2016,10.46,0.01,0.10,0.18,1.72
06/30/2016,10.45,0.24,2.35,0.17,1.61
06/29/2016,10.21,0.23,2.30,0.13,1.30
06/28/2016,9.98,0.29,2.99,0.10,1.00
06/27/2016,9.69,-0.04,-0.41,-0.19,-1.93
06/24/2016,9.73,-0.61,-5.90,-0.15,-1.49
06/23/2016,10.34,0.23,2.27,0.20,1.95
06/22/2016,10.11,0.05,0.50,-0.05,-0.48
06/21/2016,10.06,0.09,0.90,0.02,0.16
06/20/2016,9.97,9.97,0.00,-0.01,-0.06
06/17/2016,0,-9.85,-100.00,0.00,0.00
06/16/2016,9.85,-0.04,-0.40,0.14,1.41
06/15/2016,9.89,0.04,0.41,-0.04,-0.39
06/14/2016,9.85,-0.02,-0.20,-0.01,-0.09
06/13/2016,9.87,-0.25,-2.47,-0.08,-0.81
06/10/2016,10.12,-0.32,-3.07,-0.09,-0.90
06/09/2016,10.44,-0.03,-0.29,0.03,0.28
06/08/2016,10.47,0.12,1.16,0.06,0.55
06/07/2016,10.35,0.13,1.27,0.02,0.21
06/06/2016,10.22,0.15,1.49,0.11,1.06
06/03/2016,10.07,0.04,0.40,0.04,0.43
06/02/2016,10.03,0.14,1.42,0.08,0.76
06/01/2016,9.89,0.01,0.10,0.00,-0.04
05/31/2016,9.88,0.12,1.23,0.03,0.34
05/27/2016,9.76,0.00,0.00,-0.01,-0.10
05/26/2016,9.76,0.03,0.31,-0.02,-0.21
05/25/2016,9.73,0.06,0.62,0.02,0.16
05/24/2016,9.67,0.13,1.36,0.12,1.28
05/23/2016,9.54,-0.07,-0.73,-0.04,-0.45
05/20/2016,9.61,0.11,1.16,-0.02,-0.18
05/19/2016,9.5,-0.07,-0.73,-0.05,-0.49
05/18/2016,9.57,0.03,0.31,-0.06,-0.64
05/17/2016,9.54,-0.05,-0.52,-0.19,-2.00
05/16/2016,9.59,0.14,1.48,0.01,0.11
05/13/2016,9.45,-0.21,-2.17,-0.12,-1.26
05/12/2016,9.66,0.02,0.21,-0.07,-0.74
05/11/2016,9.64,-0.14,-1.43,-0.11,-1.17
05/10/2016,9.78,0.22,2.30,0.01,0.10
05/09/2016,9.56,-0.19,-1.95,-0.16,-1.64
05/06/2016,9.75,0.02,0.21,0.00,0.05
05/05/2016,9.73,0.03,0.31,-0.14,-1.39
05/04/2016,9.7,-0.18,-1.82,-0.22,-2.20
05/03/2016,9.88,-0.17,-1.69,-0.13,-1.31
05/02/2016,10.05,-0.01,-0.10,-0.09,-0.87
04/29/2016,10.06,-0.07,-0.69,-0.09,-0.89
04/28/2016,10.13,-0.17,-1.65,-0.14,-1.33
04/27/2016,10.3,0.07,0.68,0.02,0.21
04/26/2016,10.23,-0.06,-0.58,-0.05,-0.50
04/25/2016,10.29,-0.08,-0.77,-0.03,-0.33
04/22/2016,10.37,0.01,0.10,-0.09,-0.88
04/21/2016,10.36,-0.02,-0.19,-0.21,-1.99
04/20/2016,10.38,-0.31,-2.90,0.04,0.41
04/19/2016,10.69,0.10,0.94,0.04,0.34
04/18/2016,10.59,0.07,0.67,0.10,0.94
04/15/2016,10.52,-0.17,-1.59,-0.11,-1.03
04/14/2016,10.69,-0.09,-0.83,-0.01,-0.06
04/13/2016,10.78,0.44,4.26,0.07,0.70
04/12/2016,10.34,0.25,2.48,0.08,0.82
04/11/2016,10.09,0.16,1.61,-0.06,-0.56
04/08/2016,9.93,0.16,1.64,-0.09,-0.89
04/07/2016,9.77,-0.14,-1.41,-0.18,-1.85
04/06/2016,9.91,0.25,2.59,0.04,0.45
04/05/2016,9.66,-0.26,-2.62,-0.14,-1.45
04/04/2016,9.92,9.92,0.00,-0.05,-0.54
04/01/2016,0,-10.13,-100.00,0.00,0.00
03/31/2016,10.13,10.13,0.00,-0.05,-0.51
03/30/2016,0,-9.92,-100.00,0.00,0.00
03/29/2016,9.92,0.04,0.40,0.11,1.12
03/28/2016,9.88,0.08,0.82,0.00,0.04
03/24/2016,9.8,-0.05,-0.51,-0.08,-0.76
03/23/2016,9.85,-0.13,-1.30,-0.15,-1.55
03/22/2016,9.98,-0.13,-1.29,-0.03,-0.29
03/21/2016,10.11,-0.03,-0.30,0.04,0.35
03/18/2016,10.14,0.11,1.10,0.06,0.57
03/17/2016,10.03,0.20,2.03,0.07,0.70
03/16/2016,9.83,0.03,0.31,0.15,1.58
03/15/2016,9.8,-0.05,-0.51,0.01,0.13
03/14/2016,9.85,-0.14,-1.40,-0.06,-0.62
03/11/2016,9.99,0.33,3.42,0.08,0.83
03/10/2016,9.66,-0.05,-0.51,-0.07,-0.68
03/09/2016,9.71,-0.06,-0.61,0.01,0.14
03/08/2016,9.77,-0.17,-1.71,-0.07,-0.68
03/07/2016,9.94,-0.08,-0.80,0.02,0.25
03/04/2016,10.02,0.31,3.19,0.16,1.67
03/03/2016,9.71,0.11,1.15,0.09,0.98
03/02/2016,9.6,0.31,3.34,0.08,0.85
03/01/2016,9.29,0.31,3.45,0.11,1.17
02/29/2016,8.98,-0.06,-0.66,0.06,0.66
02/26/2016,9.04,0.06,0.67,-0.08,-0.87
02/25/2016,8.98,-0.03,-0.33,0.14,1.56
02/24/2016,9.01,-0.04,-0.44,0.01,0.13
02/23/2016,9.05,-0.15,-1.63,-0.12,-1.31
02/22/2016,9.2,0.16,1.77,0.06,0.68
02/19/2016,9.04,0.02,0.22,-0.03,-0.31
02/18/2016,9.02,0.08,0.89,-0.09,-0.97
02/17/2016,8.94,0.08,0.90,0.18,2.07
02/16/2016,8.86,0.40,4.73,-0.03,-0.31
02/12/2016,8.46,0.25,3.05,0.12,1.42
02/11/2016,8.21,-0.11,-1.32,-0.11,-1.37
02/10/2016,8.32,-0.01,-0.12,-0.39,-4.43
02/09/2016,8.33,-0.07,-0.83,-0.37,-4.22
02/08/2016,8.4,-0.09,-1.06,-0.31,-3.58
02/05/2016,8.49,-0.24,-2.75,-0.23,-2.59
02/04/2016,8.73,0.02,0.23,-0.06,-0.67
02/03/2016,8.71,0.09,1.04,0.16,1.88
02/02/2016,8.62,-0.19,-2.16,-0.20,-2.26
02/01/2016,8.81,-0.12,-1.34,-0.06,-0.63
01/29/2016,8.93,0.38,4.44,0.04,0.42
01/28/2016,8.55,0.16,1.91,0.04,0.42
01/27/2016,8.39,-0.15,-1.76,-0.05,-0.54
01/26/2016,8.54,0.00,0.00,0.20,2.38
01/25/2016,8.54,-0.18,-2.06,-0.17,-1.93
01/22/2016,8.72,0.42,5.06,0.16,1.87
01/21/2016,8.3,-0.08,-0.95,0.17,2.06
01/20/2016,8.38,-0.26,-3.01,0.06,0.74
01/19/2016,8.64,0.04,0.47,-0.11,-1.24
01/15/2016,8.6,-0.47,-5.18,-0.17,-1.92
01/14/2016,9.07,0.25,2.83,0.06,0.65
01/13/2016,8.82,-0.21,-2.33,-0.20,-2.25
01/12/2016,9.03,-0.07,-0.77,0.10,1.08
01/11/2016,9.1,-0.03,-0.33,0.06,0.63
01/08/2016,9.13,-0.14,-1.51,-0.29,-3.08
01/07/2016,9.27,-0.42,-4.33,-0.07,-0.77
01/06/2016,9.69,-0.14,-1.42,-0.10,-1.03
01/05/2016,9.83,0.04,0.41,0.02,0.25
01/04/2016,9.79,0.00,0.00,-0.02,-0.22
12/31/15,--,--,--,-0.08,-0.77
12/30/15,--,--,--,-0.07,-0.65
12/29/15,--,--,--,0.06,0.58
12/28/15,--,--,--,0.06,0.58
12/24/15,--,--,--,0.01,0.09
12/23/15,--,--,--,0.16,1.57
12/22/15,--,--,--,0.11,1.04
12/21/15,--,--,--,0.03,0.30
12/18/15,--,--,--,-0.03,-0.29
12/17/15,--,--,--,-0.13,-1.23
12/16/15,--,--,--,0.15,1.46
12/15/15,--,--,--,0.16,1.62
12/14/15,--,--,--,0.03,0.26
12/11/15,--,--,--,-0.20,-2.04
12/10/15,--,--,--,-0.05,-0.47
12/9/15,--,--,--,-0.13,-1.26
12/8/15,--,--,--,-0.07,-0.64
12/7/15,--,--,--,-0.01,-0.07
12/4/15,--,--,--,0.12,1.13
12/3/15,--,--,--,-0.19,-1.70
12/2/15,--,--,--,-0.13,-1.22
12/1/15,--,--,--,0.09,0.80
11/30/15,--,--,--,0.10,0.90
11/27/15,--,--,--,0.03,0.26
11/25/15,--,--,--,0.04,0.41
11/24/15,--,--,--,0.05,0.49
11/23/15,--,--,--,-0.03,-0.28
11/20/15,--,--,--,0.01,0.13
11/19/15,--,--,--,0.00,0.01
11/18/15,--,--,--,0.15,1.42
11/17/15,--,--,--,0.01,0.06
11/16/15,--,--,--,0.19,1.79
11/13/15,--,--,--,-0.20,-1.81
11/12/15,--,--,--,-0.23,-2.06
11/11/15,--,--,--,0.01,0.09
11/10/15,--,--,--,-0.03,-0.28
11/9/15,--,--,--,-0.15,-1.34
11/6/15,--,--,--,-0.05,-0.39
11/5/15,--,--,--,0.00,-0.03
11/4/15,--,--,--,-0.02,-0.15
11/3/15,--,--,--,0.10,0.83
11/2/15,--,--,--,0.14,1.18
10/30/15,--,--,--,0.00,0.02
10/29/15,--,--,--,-0.03,-0.25
10/28/15,--,--,--,-0.04,-0.36
10/27/15,--,--,--,-0.04,-0.37
10/26/15,--,--,--,0.01,0.06
10/23/15,--,--,--,0.19,1.53
10/22/15,--,--,--,0.19,1.58
10/21/15,--,--,--,-0.16,-1.30
10/20/15,--,--,--,0.00,-0.01
10/19/15,--,--,--,-0.08,-0.63
10/16/15,--,--,--,0.12,1.01
10/15/15,--,--,--,0.21,1.72
10/14/15,--,--,--,0.02,0.13
10/13/15,--,--,--,-0.07,-0.56
10/12/15,--,--,--,-0.07,-0.60
10/9/15,--,--,--,0.06,0.48
10/8/15,--,--,--,0.16,1.33
10/7/15,--,--,--,0.00,0.01
10/6/15,--,--,--,0.05,0.40
10/5/15,--,--,--,0.18,1.59
10/2/15,--,--,--,0.25,2.27
10/1/15,--,--,--,0.13,1.20
9/30/15,--,--,--,0.08,0.76
9/29/15,--,--,--,0.03,0.26
9/28/15,--,--,--,-0.20,-1.81
9/25/15,--,--,--,-0.05,-0.44
9/24/15,--,--,--,-0.02,-0.19
9/23/15,--,--,--,-0.04,-0.38
9/22/15,--,--,--,-0.13,-1.11
9/21/15,--,--,--,0.01,0.06
9/18/15,--,--,--,-0.19,-1.63
9/17/15,--,--,--,0.05,0.44
9/16/15,--,--,--,0.16,1.39
9/15/15,--,--,--,0.11,1.02
9/14/15,--,--,--,-0.03,-0.29
9/11/15,--,--,--,0.10,0.85
9/10/15,--,--,--,0.08,0.68
9/9/15,--,--,--,-0.16,-1.36
9/8/15,--,--,--,0.17,1.54
9/4/15,--,--,--,-0.19,-1.75
9/3/15,--,--,--,0.06,0.60
9/2/15,--,--,--,0.00,-0.05
9/1/15,--,--,--,-0.18,-1.66
8/31/15,--,--,--,-0.06,-0.54
8/28/15,--,--,--,0.02,0.16
8/27/15,--,--,--,0.14,1.29
8/26/15,--,--,--,0.63,5.92
8/25/15,--,--,--,0.84,7.95
8/24/15,--,--,--,0.11,1.02
8/21/15,--,--,--,0.08,0.67
8/20/15,--,--,--,0.47,4.09
8/19/15,--,--,--,0.29,2.44
8/18/15,--,--,--,0.19,1.58
8/17/15,--,--,--,0.01,0.09
8/14/15,--,--,--,0.03,0.22
8/13/15,--,--,--,-0.02,-0.16
8/12/15,--,--,--,-0.04,-0.31
8/11/15,--,--,--,-0.07,-0.54
8/10/15,--,--,--,0.06,0.44
8/7/15,--,--,--,-0.09,-0.74
8/6/15,--,--,--,-0.07,-0.53
8/5/15,--,--,--,-0.05,-0.41
8/4/15,--,--,--,-0.07,-0.53
8/3/15,--,--,--,-0.14,-1.10
7/31/15,--,--,--,-0.10,-0.77
7/30/15,--,--,--,-0.01,-0.07
7/29/15,--,--,--,0.06,0.46
7/28/15,--,--,--,-0.01,-0.09
7/27/15,--,--,--,-0.15,-1.25
7/24/15,--,--,--,-0.20,-1.54
7/23/15,--,--,--,-0.16,-1.20
7/22/15,--,--,--,-0.09,-0.68
7/21/15,--,--,--,-0.14,-1.05
7/20/15,--,--,--,-0.03,-0.24
7/17/15,--,--,--,0.01,0.07
7/16/15,--,--,--,0.01,0.06
7/15/15,--,--,--,-0.11,-0.82
7/14/15,--,--,--,0.00,0.02
7/13/15,--,--,--,-0.06,-0.43
7/10/15,--,--,--,0.03,0.21
7/9/15,--,--,--,-0.08,-0.65
7/8/15,--,--,--,-0.18,-1.53
7/7/15,--,--,--,-0.19,-1.48
7/6/15,--,--,--,-0.03,-0.20
7/2/15,--,--,--,-0.03,-0.19
7/1/15,--,--,--,-0.10,-0.74
6/30/15,--,--,--,-0.07,-0.52
6/29/15,--,--,--,-0.14,-1.04
6/26/15,--,--,--,-0.06,-0.46
6/25/15,--,--,--,-0.06,-0.45
6/24/15,--,--,--,-0.09,-0.61
6/23/15,--,--,--,-0.03,-0.18
6/22/15,--,--,--,-0.04,-0.30
6/19/15,--,--,--,-0.07,-0.53
6/18/15,--,--,--,-0.01,-0.08
6/17/15,--,--,--,-0.13,-0.91
6/16/15,--,--,--,-0.06,-0.42
6/15/15,--,--,--,-0.18,-1.24
6/12/15,--,--,--,-0.12,-0.85
6/11/15,--,--,--,-0.03,-0.20
6/10/15,--,--,--,-0.02,-0.11
6/9/15,--,--,--,-0.10,-0.70
6/8/15,--,--,--,-0.14,-0.96
6/5/15,--,--,--,-0.12,-0.80
6/4/15,--,--,--,-0.14,-0.94
6/3/15,--,--,--,-0.07,-0.48
6/2/15,--,--,--,-0.12,-0.83
6/1/15,--,--,--,-0.20,-1.32
5/29/15,--,--,--,-0.19,-1.29
5/28/15,--,--,--,-0.07,-0.48
5/27/15,--,--,--,-0.06,-0.37
5/26/15,--,--,--,-0.10,-0.67
5/22/15,--,--,--,0.04,0.25
5/21/15,--,--,--,-0.08,-0.56
5/20/15,--,--,--,-0.08,-0.55
5/19/15,--,--,--,-0.11,-0.72
5/18/15,--,--,--,-0.09,-0.62
5/15/15,--,--,--,-0.04,-0.28
5/14/15,--,--,--,-0.04,-0.29
5/13/15,--,--,--,-0.17,-1.15
5/12/15,--,--,--,-0.11,-0.74
5/11/15,--,--,--,-0.19,-1.26
5/8/15,--,--,--,0.00,-0.01
5/7/15,--,--,--,-0.05,-0.36
5/6/15,--,--,--,-0.28,-1.85
5/5/15,--,--,--,-0.14,-0.89
5/4/15,--,--,--,-0.01,-0.05
5/1/15,--,--,--,-0.01,-0.03
4/30/15,--,--,--,-0.09,-0.60
4/29/15,--,--,--,-0.14,-0.92
4/28/15,--,--,--,-0.03,-0.17
4/27/15,--,--,--,-0.11,-0.67
4/24/15,--,--,--,-0.04,-0.28
4/23/15,--,--,--,-0.07,-0.44
4/22/15,--,--,--,-0.05,-0.29
4/21/15,--,--,--,-0.18,-1.20
4/20/15,--,--,--,0.01,0.09
4/17/15,--,--,--,-0.38,-2.45
4/16/15,--,--,--,0.01,0.04
4/15/15,--,--,--,-0.04,-0.27
4/14/15,--,--,--,0.02,0.13
4/13/15,--,--,--,-0.12,-0.79
4/10/15,--,--,--,0.06,0.43
4/9/15,--,--,--,0.37,2.49
4/8/15,--,--,--,0.17,1.19
4/7/15,--,--,--,0.12,0.89
4/6/15,--,--,--,0.05,0.38
4/2/15,--,--,--,-0.01,-0.10
4/1/15,--,--,--,0.03,0.19
3/31/15,--,--,--,-0.06,-0.48
3/30/15,--,--,--,0.07,0.49
3/27/15,--,--,--,0.01,0.06
3/26/15,--,--,--,-0.09,-0.70
3/25/15,--,--,--,-0.19,-1.45
3/24/15,--,--,--,-0.08,-0.59
3/23/15,--,--,--,-0.10,-0.77
3/20/15,--,--,--,0.00,0.02
3/19/15,--,--,--,-0.10,-0.74
3/18/15,--,--,--,0.07,0.58
3/17/15,--,--,--,-0.04,-0.34
3/16/15,--,--,--,0.01,0.09
3/13/15,--,--,--,-0.10,-0.77
3/12/15,--,--,--,-0.05,-0.40
3/11/15,--,--,--,-0.11,-0.83
3/10/15,--,--,--,-0.20,-1.52
3/9/15,--,--,--,-0.09,-0.65
3/6/15,--,--,--,-0.21,-1.60
3/5/15,--,--,--,-0.09,-0.70
3/4/15,--,--,--,-0.10,-0.78
3/3/15,--,--,--,-0.08,-0.62
3/2/15,--,--,--,-0.03,-0.23
2/27/15,--,--,--,-0.05,-0.36
2/26/15,--,--,--,-0.05,-0.35
2/25/15,--,--,--,-0.05,-0.40
2/24/15,--,--,--,0.00,0.01
2/23/15,--,--,--,-0.10,-0.76
2/20/15,--,--,--,-0.03,-0.20
2/19/15,--,--,--,-0.09,-0.67
2/18/15,--,--,--,-0.09,-0.70
2/17/15,--,--,--,-0.04,-0.28
2/13/15,--,--,--,-0.05,-0.36
2/12/15,--,--,--,0.01,0.04
2/11/15,--,--,--,0.00,0.02
2/10/15,--,--,--,-0.01,-0.06
2/9/15,--,--,--,-0.09,-0.70
2/6/15,--,--,--,-0.11,-0.84
2/5/15,--,--,--,0.04,0.32
2/4/15,--,--,--,0.09,0.64
2/3/15,--,--,--,0.08,0.59
2/2/15,--,--,--,0.07,0.50
1/30/15,--,--,--,-0.20,-1.53
1/29/15,--,--,--,0.03,0.26
1/28/15,--,--,--,-0.24,-1.78
1/27/15,--,--,--,-0.09,-0.68
1/26/15,--,--,--,0.00,-0.00
1/23/15,--,--,--,-0.01,-0.04
1/22/15,--,--,--,0.16,1.21
1/21/15,--,--,--,0.03,0.24
1/20/15,--,--,--,0.02,0.13
1/16/15,--,--,--,0.02,0.11
1/15/15,--,--,--,-0.13,-0.94
1/14/15,--,--,--,-0.09,-0.70
1/13/15,--,--,--,-0.07,-0.49
1/12/15,--,--,--,-0.09,-0.66
1/9/15,--,--,--,-0.05,-0.33
1/8/15,--,--,--,0.06,0.45
1/7/15,--,--,--,0.02,0.15
1/6/15,--,--,--,-0.18,-1.32
1/5/15,--,--,--,-0.15,-1.14
1/2/15,--,--,--,-0.15,-1.11
1/1/15,--,--,--,-0.01,-0.08
