"Global X MSCI China Industrials ETF",,,,,
Date,"Closing Price","Daily Change","Daily Change %",Premium/Discount,"Premium/Discount %"
03/18/2019,14.55,0.25,1.75,-0.10,-0.68
03/15/2019,14.3,0.17,1.20,-0.14,-1.00
03/14/2019,14.13,-0.23,-1.60,-0.29,-1.98
03/13/2019,14.36,-0.25,-1.71,-0.12,-0.82
03/12/2019,14.61,0.28,1.95,-0.01,-0.09
03/11/2019,14.33,0.18,1.27,-0.08,-0.57
03/08/2019,14.15,-0.41,-2.82,-0.19,-1.32
03/07/2019,14.56,-0.31,-2.08,-0.23,-1.55
03/06/2019,14.87,-0.06,-0.40,-0.13,-0.85
03/05/2019,14.93,0.16,1.08,-0.08,-0.51
03/04/2019,14.77,0.15,1.03,-0.25,-1.67
03/01/2019,14.62,-0.01,-0.07,-0.20,-1.34
02/28/2019,14.63,-0.13,-0.88,-0.06,-0.40
02/27/2019,14.76,-0.08,-0.54,-0.10,-0.67
02/26/2019,14.84,-0.02,-0.13,-0.15,-1.00
02/25/2019,14.86,0.31,2.13,-0.10,-0.69
02/22/2019,14.55,0.09,0.62,-0.20,-1.32
02/21/2019,14.46,0.05,0.35,-0.18,-1.20
02/20/2019,14.41,0.02,0.14,-0.10,-0.67
02/19/2019,14.39,0.17,1.20,-0.03,-0.18
02/15/2019,14.22,0.05,0.35,0.04,0.29
02/14/2019,14.17,0.01,0.07,-0.30,-2.05
02/13/2019,14.16,0.23,1.65,-0.24,-1.66
02/12/2019,13.93,-0.09,-0.64,-0.25,-1.77
02/11/2019,14.02,-0.06,-0.43,-0.14,-0.97
02/08/2019,14.08,0.10,0.72,-0.18,-1.26
02/07/2019,13.98,-0.29,-2.03,-0.29,-2.04
02/06/2019,14.27,-0.27,-1.86,-0.01,-0.09
02/05/2019,14.54,0.37,2.61,0.25,1.73
02/04/2019,14.17,0.33,2.38,-0.12,-0.81
02/01/2019,13.84,-0.05,-0.36,-0.37,-2.64
01/31/2019,13.89,0.06,0.43,-0.23,-1.63
01/30/2019,13.83,0.00,0.00,-0.06,-0.40
01/29/2019,13.83,0.19,1.39,-0.07,-0.51
01/28/2019,13.64,-0.02,-0.15,-0.26,-1.90
01/25/2019,13.66,-0.02,-0.15,-0.25,-1.79
01/24/2019,13.68,0.11,0.81,-0.09,-0.65
01/23/2019,13.57,0.06,0.44,-0.14,-1.04
01/22/2019,13.51,-0.21,-1.53,-0.22,-1.62
01/18/2019,13.72,0.04,0.29,-0.02,-0.13
01/17/2019,13.68,0.09,0.66,0.04,0.30
01/16/2019,13.59,0.14,1.04,-0.13,-0.96
01/15/2019,13.45,0.08,0.60,-0.19,-1.42
01/14/2019,13.37,-0.04,-0.30,-0.06,-0.42
01/11/2019,13.41,-0.01,-0.07,-0.11,-0.84
01/10/2019,13.42,0.07,0.52,0.00,0.02
01/09/2019,13.35,0.09,0.68,-0.04,-0.31
01/08/2019,13.26,0.21,1.61,0.00,0.01
01/07/2019,13.05,0.00,0.00,-0.13,-0.97
01/04/2019,13.05,0.22,1.71,0.07,0.53
01/03/2019,12.83,-0.17,-1.31,-0.09,-0.70
01/02/2019,13,-0.12,-0.91,0.00,-0.01
12/31/2018,13.12,-0.01,-0.08,-0.17,-1.26
12/28/2018,13.13,-0.16,-1.20,0.01,0.06
12/27/2018,13.29,-0.08,-0.60,-0.06,-0.45
12/26/2018,13.37,0.11,0.83,-0.06,-0.47
12/24/2018,13.26,-0.12,-0.90,-0.17,-1.23
12/21/2018,13.38,-0.07,-0.52,-0.14,-1.01
12/20/2018,13.45,-0.30,-2.18,-0.26,-1.93
12/19/2018,13.75,-0.25,-1.79,-0.19,-1.36
12/18/2018,14,-0.03,-0.21,0.02,0.13
12/17/2018,14.03,-0.03,-0.21,-0.17,-1.18
12/14/2018,14.06,-0.05,-0.35,-0.21,-1.44
12/13/2018,14.11,0.07,0.50,-0.31,-2.17
12/12/2018,14.04,0.14,1.01,-0.01,-0.07
12/11/2018,13.9,0.18,1.31,0.10,0.76
12/10/2018,13.72,-0.04,-0.29,-0.09,-0.65
12/07/2018,13.76,-0.25,-1.78,-0.29,-2.08
12/06/2018,14.01,-0.45,-3.11,-0.04,-0.26
12/05/2018,14.46,0.00,0.00,0.00,0.00
12/04/2018,14.46,-0.07,-0.48,-0.18,-1.25
12/03/2018,14.53,0.24,1.68,-0.09,-0.60
11/30/2018,14.29,0.00,0.00,-0.04,-0.30
11/29/2018,14.29,-0.25,-1.72,-0.09,-0.64
11/28/2018,14.54,0.55,3.93,0.19,1.32
11/27/2018,13.99,0.02,0.14,-0.19,-1.36
11/26/2018,13.97,-0.01,-0.07,-0.17,-1.17
11/23/2018,13.98,-0.26,-1.83,-0.15,-1.03
11/21/2018,14.24,0.20,1.42,0.04,0.31
11/20/2018,14.04,-0.20,-1.40,-0.24,-1.70
11/19/2018,14.24,-0.22,-1.52,-0.23,-1.56
11/16/2018,14.46,0.07,0.49,0.09,0.60
11/15/2018,14.39,0.18,1.27,0.03,0.23
11/14/2018,14.21,0.10,0.71,0.09,0.62
11/13/2018,14.11,0.29,2.10,0.00,0.00
11/12/2018,13.82,0.04,0.29,-0.20,-1.45
11/09/2018,13.78,-0.20,-1.43,-0.16,-1.13
11/08/2018,13.98,-0.33,-2.31,-0.20,-1.42
11/07/2018,14.31,0.17,1.20,0.17,1.21
11/06/2018,14.14,-0.02,-0.14,-0.02,-0.11
11/05/2018,14.16,0.00,0.00,0.06,0.41
11/02/2018,14.16,0.56,4.12,-0.24,-1.68
11/01/2018,13.6,0.58,4.45,-0.27,-1.92
10/31/2018,13.02,0.39,3.09,-0.57,-4.21
10/30/2018,12.63,0.16,1.28,0.09,0.75
10/29/2018,12.47,-0.29,-2.27,-0.20,-1.56
10/26/2018,12.76,-0.16,-1.24,0.03,0.27
10/25/2018,12.92,-0.05,-0.39,0.03,0.20
10/24/2018,12.97,-0.15,-1.14,-0.06,-0.49
10/23/2018,13.12,-0.26,-1.94,-0.05,-0.40
10/22/2018,13.38,0.21,1.59,-0.21,-1.56
10/19/2018,13.17,0.11,0.84,-0.18,-1.31
10/18/2018,13.06,-0.25,-1.88,-0.23,-1.75
10/17/2018,13.31,-0.11,-0.82,-0.01,-0.05
10/16/2018,13.42,0.05,0.37,0.12,0.87
10/15/2018,13.37,-0.07,-0.52,0.04,0.30
10/12/2018,13.44,0.25,1.90,-0.07,-0.55
10/11/2018,13.19,-0.23,-1.71,0.01,0.11
10/10/2018,13.42,-0.35,-2.54,-0.40,-2.89
10/09/2018,13.77,-0.03,-0.22,-0.06,-0.42
10/08/2018,13.8,-0.12,-0.86,-0.02,-0.12
10/05/2018,13.92,0.00,0.00,-0.12,-0.85
10/04/2018,13.92,-0.21,-1.49,-0.13,-0.93
10/03/2018,14.13,0.02,0.14,-0.15,-1.07
10/02/2018,14.11,-0.32,-2.22,-0.04,-0.28
10/01/2018,14.43,0.08,0.56,-0.04,-0.25
09/28/2018,14.35,0.00,0.00,-0.12,-0.85
09/27/2018,14.35,0.10,0.70,0.00,-0.03
09/26/2018,14.25,-0.05,-0.35,-0.08,-0.59
09/25/2018,14.3,0.13,0.92,0.00,-0.00
09/24/2018,14.17,-0.06,-0.42,-0.12,-0.81
09/21/2018,14.23,0.13,0.92,-0.19,-1.32
09/20/2018,14.1,0.02,0.14,-0.01,-0.05
09/19/2018,14.08,0.31,2.25,0.06,0.41
09/18/2018,13.77,0.48,3.61,0.00,0.02
09/17/2018,13.29,-0.08,-0.60,-0.05,-0.40
09/14/2018,13.37,0.00,0.00,-0.15,-1.09
09/13/2018,13.37,0.21,1.60,0.03,0.25
09/12/2018,13.16,0.12,0.92,0.18,1.38
09/11/2018,13.04,-0.06,-0.46,0.03,0.20
09/10/2018,13.1,-0.11,-0.83,-0.09,-0.65
09/07/2018,13.21,-0.20,-1.49,-0.22,-1.66
09/06/2018,13.41,-0.02,-0.15,-0.01,-0.04
09/05/2018,13.43,-0.22,-1.61,-0.11,-0.79
09/04/2018,13.65,-0.10,-0.73,-0.17,-1.20
08/31/2018,13.75,0.07,0.51,-0.11,-0.82
08/30/2018,13.68,-0.32,-2.29,-0.26,-1.90
08/29/2018,14,0.16,1.16,-0.08,-0.56
08/28/2018,13.84,-0.15,-1.07,-0.14,-0.98
08/27/2018,13.99,0.29,2.12,0.07,0.53
08/24/2018,13.7,0.04,0.29,0.04,0.33
08/23/2018,13.66,-0.14,-1.01,-0.14,-0.98
08/22/2018,13.8,0.03,0.22,-0.08,-0.58
08/21/2018,13.77,0.48,3.61,-0.01,-0.07
08/20/2018,13.29,-0.18,-1.34,-0.15,-1.11
08/17/2018,13.47,0.15,1.13,0.12,0.91
08/16/2018,13.32,0.09,0.68,-0.16,-1.21
08/15/2018,13.23,-0.77,-5.50,-0.33,-2.43
08/14/2018,14,0.02,0.14,-0.02,-0.14
08/13/2018,13.98,-0.07,-0.50,-0.26,-1.79
08/10/2018,14.05,-0.23,-1.61,-0.37,-2.56
08/09/2018,14.28,0.00,0.00,-0.19,-1.34
08/08/2018,14.28,0.10,0.71,-0.11,-0.73
08/07/2018,14.18,0.31,2.24,-0.06,-0.41
08/06/2018,13.87,-0.09,-0.64,0.01,0.07
08/03/2018,13.96,-0.29,-2.04,0.02,0.17
08/02/2018,14.25,-0.18,-1.25,-0.02,-0.15
08/01/2018,14.43,-0.19,-1.30,-0.12,-0.85
07/31/2018,14.62,0.08,0.55,0.06,0.41
07/30/2018,14.54,0.10,0.69,-0.08,-0.54
07/27/2018,14.44,0.18,1.26,-0.13,-0.87
07/26/2018,14.26,-0.28,-1.93,-0.07,-0.46
07/25/2018,14.54,0.05,0.35,0.07,0.48
07/24/2018,14.49,0.72,5.23,0.04,0.26
07/23/2018,13.77,0.14,1.03,-0.06,-0.42
07/20/2018,13.63,0.06,0.44,0.03,0.25
07/19/2018,13.57,-0.15,-1.09,-0.06,-0.47
07/18/2018,13.72,-0.01,-0.07,0.00,-0.00
07/17/2018,13.73,0.04,0.29,0.03,0.21
07/16/2018,13.69,-0.20,-1.44,-0.12,-0.87
07/13/2018,13.89,0.08,0.58,-0.04,-0.29
07/12/2018,13.81,0.21,1.54,-0.04,-0.31
07/11/2018,13.6,-0.14,-1.02,-0.11,-0.78
07/10/2018,13.74,-0.16,-1.15,-0.10,-0.74
07/09/2018,13.9,0.23,1.68,0.05,0.33
07/06/2018,13.67,0.19,1.41,0.08,0.61
07/05/2018,13.48,-0.18,-1.32,-0.06,-0.46
07/03/2018,13.66,-0.04,-0.29,-0.13,-0.93
07/02/2018,13.7,-0.25,-1.79,-0.36,-2.57
06/29/2018,13.95,0.35,2.57,-0.12,-0.87
06/28/2018,13.6,0.06,0.44,-0.02,-0.18
06/27/2018,13.54,-0.36,-2.59,-0.10,-0.70
06/26/2018,13.9,-0.19,-1.35,-0.01,-0.08
06/25/2018,14.09,-0.37,-2.56,-0.08,-0.53
06/22/2018,14.46,0.22,1.54,-0.04,-0.28
06/21/2018,14.24,-0.29,-2.00,-0.17,-1.21
06/20/2018,14.53,-0.19,-1.29,-0.05,-0.36
06/19/2018,14.72,-0.24,-1.60,0.09,0.62
06/18/2018,14.96,-0.14,-0.93,-0.25,-1.65
06/15/2018,15.1,-0.16,-1.05,-0.12,-0.80
06/14/2018,15.26,-0.15,-0.97,-0.08,-0.51
06/13/2018,15.41,0.10,0.65,-0.09,-0.57
06/12/2018,15.31,-0.19,-1.23,-0.33,-2.09
06/11/2018,15.5,0.05,0.32,-0.11,-0.73
06/08/2018,15.45,0.00,0.00,-0.06,-0.40
06/07/2018,15.45,-0.11,-0.71,-0.22,-1.42
06/06/2018,15.56,0.19,1.24,-0.05,-0.35
06/05/2018,15.37,0.00,0.00,-0.17,-1.11
06/04/2018,15.37,0.00,0.00,-0.23,-1.49
06/01/2018,15.37,0.22,1.45,-0.08,-0.52
05/31/2018,15.15,0.00,0.00,-0.27,-1.73
05/30/2018,15.15,0.04,0.26,0.04,0.29
05/29/2018,15.11,-0.18,-1.18,-0.27,-1.76
05/25/2018,15.29,0.01,0.07,-0.15,-0.95
05/24/2018,15.28,-0.20,-1.29,-0.22,-1.43
05/23/2018,15.48,-0.08,-0.51,0.00,0.01
05/22/2018,15.56,0.07,0.45,0.00,-0.01
05/21/2018,15.49,0.53,3.54,-0.06,-0.42
05/18/2018,14.96,-0.27,-1.77,-0.40,-2.59
05/17/2018,15.23,-0.07,-0.46,-0.03,-0.19
05/16/2018,15.3,0.14,0.92,-0.08,-0.53
05/15/2018,15.16,-0.14,-0.92,-0.24,-1.55
05/14/2018,15.3,0.14,0.92,-0.13,-0.85
05/11/2018,15.16,-0.03,-0.20,-0.04,-0.27
05/10/2018,15.19,0.18,1.20,0.04,0.29
05/09/2018,15.01,0.05,0.33,-0.08,-0.52
05/08/2018,14.96,0.15,1.01,-0.15,-0.97
05/07/2018,14.81,-0.11,-0.74,-0.08,-0.54
05/04/2018,14.92,0.08,0.54,0.05,0.35
05/03/2018,14.84,-0.01,-0.07,-0.15,-0.97
05/02/2018,14.85,0.00,0.00,-0.24,-1.62
05/01/2018,14.85,-0.02,-0.13,-0.33,-2.16
04/30/2018,14.87,-0.02,-0.13,-0.31,-2.07
04/27/2018,14.89,0.02,0.13,-0.03,-0.19
04/26/2018,14.87,0.19,1.29,0.12,0.84
04/25/2018,14.68,-0.06,-0.41,-0.15,-0.99
04/24/2018,14.74,0.19,1.31,-0.24,-1.58
04/23/2018,14.55,-0.07,-0.48,-0.12,-0.83
04/20/2018,14.62,-0.04,-0.27,-0.16,-1.11
04/19/2018,14.66,-0.09,-0.61,-0.39,-2.60
04/18/2018,14.75,-0.16,-1.07,-0.03,-0.23
04/17/2018,14.91,0.02,0.13,0.15,1.00
04/16/2018,14.89,-0.05,-0.33,0.00,0.00
04/13/2018,14.94,-0.18,-1.19,-0.16,-1.08
04/12/2018,15.12,-0.04,-0.26,0.01,0.06
04/11/2018,15.16,-0.04,-0.26,-0.07,-0.44
04/10/2018,15.2,0.32,2.15,-0.06,-0.40
04/09/2018,14.88,0.11,0.74,-0.19,-1.26
04/06/2018,14.77,-0.23,-1.53,-0.19,-1.26
04/05/2018,15,0.24,1.63,0.30,2.04
04/04/2018,14.76,-0.15,-1.01,0.07,0.50
04/03/2018,14.91,0.48,3.33,-0.04,-0.24
04/02/2018,14.43,-0.39,-2.63,-0.26,-1.74
03/29/2018,14.82,0.16,1.09,0.12,0.84
03/28/2018,14.66,-0.07,-0.48,-0.06,-0.39
03/27/2018,14.73,-0.26,-1.73,-0.40,-2.65
03/26/2018,14.99,0.51,3.52,0.01,0.09
03/23/2018,14.48,-0.17,-1.16,-0.38,-2.54
03/22/2018,14.65,-0.72,-4.68,-0.60,-3.94
03/21/2018,15.37,0.15,0.99,0.01,0.08
03/20/2018,15.22,0.02,0.13,-0.19,-1.25
03/19/2018,15.2,-0.10,-0.65,-0.16,-1.02
03/16/2018,15.3,0.03,0.20,-0.16,-1.02
03/15/2018,15.27,-0.01,-0.07,-0.17,-1.07
03/14/2018,15.28,0.10,0.66,-0.19,-1.22
03/13/2018,15.18,-0.23,-1.49,-0.31,-2.01
03/12/2018,15.41,0.18,1.18,-0.11,-0.69
03/09/2018,15.23,0.26,1.74,-0.05,-0.34
03/08/2018,14.97,-0.03,-0.20,-0.15,-0.96
03/07/2018,15,0.00,0.00,-0.03,-0.17
03/06/2018,15,0.02,0.13,-0.15,-0.98
03/05/2018,14.98,-0.15,-0.99,0.09,0.62
03/02/2018,15.13,0.12,0.80,-0.01,-0.06
03/01/2018,15.01,-0.06,-0.40,-0.33,-2.15
02/28/2018,15.07,-0.17,-1.12,-0.31,-2.01
02/27/2018,15.24,-0.26,-1.68,-0.28,-1.80
02/26/2018,15.5,0.12,0.78,-0.07,-0.47
02/23/2018,15.38,0.33,2.19,-0.04,-0.26
02/22/2018,15.05,-0.20,-1.31,-0.13,-0.88
02/21/2018,15.25,0.03,0.20,-0.18,-1.15
02/20/2018,15.22,0.13,0.86,-0.02,-0.14
02/16/2018,15.09,-0.18,-1.18,0.06,0.43
02/15/2018,15.27,0.28,1.87,0.25,1.64
02/14/2018,14.99,0.33,2.25,0.14,0.96
02/13/2018,14.66,0.05,0.34,-0.02,-0.15
02/12/2018,14.61,0.24,1.67,0.08,0.58
02/09/2018,14.37,0.11,0.77,-0.04,-0.29
02/08/2018,14.26,-0.47,-3.19,-0.63,-4.24
02/07/2018,14.73,-0.59,-3.85,-0.13,-0.90
02/06/2018,15.32,0.35,2.34,0.34,2.26
02/05/2018,14.97,-0.42,-2.73,-0.71,-4.55
02/02/2018,15.39,-0.16,-1.03,-0.51,-3.21
02/01/2018,15.55,-0.25,-1.58,-0.25,-1.60
01/31/2018,15.8,0.29,1.87,-0.14,-0.91
01/30/2018,15.51,-0.56,-3.48,-0.38,-2.40
01/29/2018,16.07,-0.23,-1.41,-0.17,-1.05
01/26/2018,16.3,0.24,1.49,-0.04,-0.24
01/25/2018,16.06,-0.03,-0.19,-0.18,-1.12
01/24/2018,16.09,0.15,0.94,-0.23,-1.43
01/23/2018,15.94,-0.03,-0.19,-0.27,-1.65
01/22/2018,15.97,0.07,0.44,-0.17,-1.06
01/19/2018,15.9,0.07,0.44,-0.13,-0.80
01/18/2018,15.83,0.01,0.06,-0.04,-0.28
01/17/2018,15.82,0.08,0.51,-0.03,-0.18
01/16/2018,15.74,0.13,0.83,-0.02,-0.12
01/12/2018,15.61,-0.12,-0.76,-0.20,-1.28
01/11/2018,15.73,0.01,0.06,-0.01,-0.09
01/10/2018,15.72,0.13,0.83,-0.10,-0.65
01/09/2018,15.59,-0.24,-1.52,-0.24,-1.50
01/08/2018,15.83,0.17,1.09,-0.12,-0.77
01/05/2018,15.66,0.03,0.19,-0.11,-0.68
01/04/2018,15.63,-0.02,-0.13,-0.10,-0.65
01/03/2018,15.65,0.19,1.23,-0.01,-0.09
01/02/2018,15.46,0.44,2.93,-0.10,-0.61
12/29/2017,15.02,-0.07,-0.46,-0.17,-1.14
12/28/2017,15.09,-0.13,-0.85,-0.03,-0.18
12/27/2017,15.22,-0.07,-0.46,-0.17,-1.12
12/26/2017,15.29,-0.01,-0.07,0.02,0.12
12/22/2017,15.3,0.02,0.13,0.01,0.07
12/21/2017,15.28,0.32,2.14,0.03,0.23
12/20/2017,14.96,0.05,0.34,-0.19,-1.23
12/19/2017,14.91,-0.13,-0.86,-0.23,-1.51
12/18/2017,15.04,0.23,1.55,0.02,0.16
12/15/2017,14.81,-0.13,-0.87,-0.17,-1.15
12/14/2017,14.94,-0.15,-0.99,-0.23,-1.54
12/13/2017,15.09,0.17,1.14,-0.09,-0.62
12/12/2017,14.92,-0.18,-1.19,-0.17,-1.12
12/11/2017,15.1,0.19,1.27,-0.14,-0.90
12/08/2017,14.91,0.20,1.36,-0.11,-0.75
12/07/2017,14.71,-0.13,-0.88,-0.12,-0.78
12/06/2017,14.84,-0.39,-2.56,-0.09,-0.58
12/05/2017,15.23,0.06,0.40,-0.14,-0.94
12/04/2017,15.17,-0.17,-1.11,-0.26,-1.66
12/01/2017,15.34,0.20,1.32,-0.07,-0.44
11/30/2017,15.14,-0.12,-0.79,-0.24,-1.59
11/29/2017,15.26,-0.22,-1.42,-0.30,-1.92
11/28/2017,15.48,0.07,0.45,-0.14,-0.90
11/27/2017,15.41,-0.32,-2.03,-0.19,-1.21
11/24/2017,15.73,-0.01,-0.06,-0.06,-0.39
11/22/2017,15.74,0.15,0.96,-0.08,-0.52
11/21/2017,15.59,0.20,1.30,-0.01,-0.05
11/20/2017,15.39,-0.12,-0.77,-0.13,-0.87
11/17/2017,15.51,-0.06,-0.39,-0.11,-0.73
11/16/2017,15.57,-0.06,-0.38,-0.12,-0.75
11/15/2017,15.63,-0.19,-1.20,-0.13,-0.85
11/14/2017,15.82,-0.07,-0.44,-0.23,-1.44
11/13/2017,15.89,0.09,0.57,-0.14,-0.88
11/10/2017,15.8,0.09,0.57,-0.18,-1.13
11/09/2017,15.71,-0.08,-0.51,-0.35,-2.20
11/08/2017,15.79,0.08,0.51,-0.17,-1.04
11/07/2017,15.71,-0.14,-0.88,-0.23,-1.42
11/06/2017,15.85,0.07,0.44,-0.06,-0.40
11/03/2017,15.78,-0.21,-1.31,-0.20,-1.24
11/02/2017,15.99,0.05,0.31,-0.07,-0.43
11/01/2017,15.94,0.04,0.25,-0.12,-0.72
10/31/2017,15.9,0.01,0.06,-0.16,-1.02
10/30/2017,15.89,-0.15,-0.94,-0.13,-0.84
10/27/2017,16.04,-0.07,-0.43,-0.03,-0.21
10/26/2017,16.11,0.17,1.07,-0.04,-0.22
10/25/2017,15.94,0.00,0.00,-0.25,-1.57
10/24/2017,15.94,-0.14,-0.87,-0.12,-0.74
10/23/2017,16.08,-0.10,-0.62,-0.19,-1.18
10/20/2017,16.18,0.18,1.12,-0.11,-0.68
10/19/2017,16,-0.17,-1.05,0.02,0.15
10/18/2017,16.17,0.05,0.31,-0.04,-0.27
10/17/2017,16.12,-0.08,-0.49,-0.10,-0.63
10/16/2017,16.2,-0.09,-0.55,-0.13,-0.77
10/13/2017,16.29,0.29,1.81,-0.02,-0.12
10/12/2017,16,-0.06,-0.37,-0.11,-0.69
10/11/2017,16.06,-0.09,-0.56,-0.06,-0.38
10/10/2017,16.15,0.08,0.50,-0.06,-0.35
10/09/2017,16.07,-0.03,-0.19,-0.12,-0.76
10/06/2017,16.1,-0.17,-1.04,-0.21,-1.29
10/05/2017,16.27,0.27,1.69,0.14,0.85
10/04/2017,16,0.02,0.13,-0.14,-0.90
10/03/2017,15.98,0.07,0.44,-0.06,-0.37
10/02/2017,15.91,0.16,1.02,0.15,0.92
09/29/2017,15.75,0.09,0.57,-0.01,-0.06
09/28/2017,15.66,-0.04,-0.25,-0.07,-0.47
09/27/2017,15.7,0.11,0.71,-0.13,-0.82
09/26/2017,15.59,0.14,0.91,-0.06,-0.36
09/25/2017,15.45,-0.43,-2.71,-0.10,-0.65
09/22/2017,15.88,-0.12,-0.75,-0.11,-0.70
09/21/2017,16,-0.03,-0.19,-0.13,-0.82
09/20/2017,16.03,0.24,1.52,-0.03,-0.21
09/19/2017,15.79,-0.07,-0.44,-0.08,-0.50
09/18/2017,15.86,0.20,1.28,-0.05,-0.30
09/15/2017,15.66,-0.11,-0.70,-0.03,-0.21
09/14/2017,15.77,0.05,0.32,-0.07,-0.42
09/13/2017,15.72,0.40,2.61,-0.08,-0.48
09/12/2017,15.32,0.16,1.06,-0.27,-1.73
09/11/2017,15.16,0.01,0.07,-0.18,-1.17
09/08/2017,15.15,-0.01,-0.07,-0.08,-0.55
09/07/2017,15.16,0.00,0.00,-0.07,-0.46
09/06/2017,15.16,0.15,1.00,-0.08,-0.50
09/05/2017,15.01,-0.40,-2.60,-0.21,-1.37
09/01/2017,15.41,0.19,1.25,-0.01,-0.08
08/31/2017,15.22,0.13,0.86,-0.08,-0.55
08/30/2017,15.09,-0.02,-0.13,-0.08,-0.50
08/29/2017,15.11,-0.10,-0.66,0.00,0.02
08/28/2017,15.21,0.07,0.46,0.06,0.37
08/25/2017,15.14,0.02,0.13,0.02,0.10
08/24/2017,15.12,-0.06,-0.40,-0.01,-0.09
08/23/2017,15.18,0.00,0.00,0.15,0.99
08/22/2017,15.18,0.11,0.73,0.14,0.93
08/21/2017,15.07,0.10,0.67,0.02,0.13
08/18/2017,14.97,0.04,0.27,-0.02,-0.13
08/17/2017,14.93,-0.20,-1.32,-0.15,-1.01
08/16/2017,15.13,0.25,1.68,0.04,0.29
08/15/2017,14.88,-0.22,-1.46,-0.06,-0.38
08/14/2017,15.1,0.45,3.07,0.13,0.85
08/11/2017,14.65,-0.11,-0.75,-0.10,-0.70
08/10/2017,14.76,-0.30,-1.99,-0.35,-2.32
08/09/2017,15.06,-0.26,-1.70,-0.14,-0.90
08/08/2017,15.32,0.05,0.33,0.10,0.67
08/07/2017,15.27,0.40,2.69,0.08,0.52
08/04/2017,14.87,0.22,1.50,-0.15,-0.99
08/03/2017,14.65,-0.10,-0.68,-0.22,-1.50
08/02/2017,14.75,0.12,0.82,-0.18,-1.24
08/01/2017,14.63,-0.17,-1.15,-0.22,-1.47
07/31/2017,14.8,0.08,0.54,-0.10,-0.64
07/28/2017,14.72,0.03,0.20,-0.03,-0.21
07/27/2017,14.69,-0.29,-1.94,-0.19,-1.27
07/26/2017,14.98,0.03,0.20,0.11,0.73
07/25/2017,14.95,0.17,1.15,0.02,0.16
07/24/2017,14.78,-0.13,-0.87,-0.19,-1.29
07/21/2017,14.91,-0.04,-0.27,-0.08,-0.56
07/20/2017,14.95,0.06,0.40,-0.14,-0.91
07/19/2017,14.89,0.21,1.43,-0.23,-1.50
07/18/2017,14.68,0.16,1.10,-0.18,-1.21
07/17/2017,14.52,-0.11,-0.75,-0.16,-1.11
07/14/2017,14.63,0.19,1.32,0.02,0.12
07/13/2017,14.44,0.14,0.98,-0.10,-0.71
07/12/2017,14.3,0.17,1.20,0.09,0.66
07/11/2017,14.13,0.04,0.28,-0.02,-0.14
07/10/2017,14.09,0.16,1.15,0.00,0.01
07/07/2017,13.93,0.07,0.51,-0.11,-0.79
07/06/2017,13.86,-0.07,-0.50,-0.23,-1.64
07/05/2017,13.93,-0.20,-1.42,-0.08,-0.57
07/03/2017,14.13,0.20,1.44,0.00,0.02
06/30/2017,13.93,0.05,0.36,-0.13,-0.94
06/29/2017,13.88,-0.10,-0.72,-0.23,-1.65
06/28/2017,13.98,0.07,0.50,-0.01,-0.10
06/27/2017,13.91,-0.10,-0.71,-0.19,-1.38
06/26/2017,14.01,0.19,1.37,-0.07,-0.51
06/23/2017,13.82,0.00,0.00,-0.11,-0.80
06/22/2017,13.82,0.12,0.88,-0.08,-0.59
06/21/2017,13.7,0.10,0.74,-0.13,-0.92
06/20/2017,13.6,-0.10,-0.73,-0.20,-1.42
06/19/2017,13.7,0.11,0.81,-0.09,-0.65
06/16/2017,13.59,0.06,0.44,-0.11,-0.82
06/15/2017,13.53,-0.13,-0.95,-0.12,-0.89
06/14/2017,13.66,-0.05,-0.36,-0.17,-1.20
06/13/2017,13.71,0.13,0.96,-0.06,-0.45
06/12/2017,13.58,-0.17,-1.24,-0.12,-0.84
06/09/2017,13.75,-0.20,-1.43,-0.13,-0.91
06/08/2017,13.95,0.13,0.94,-0.04,-0.30
06/07/2017,13.82,0.16,1.17,-0.09,-0.67
06/06/2017,13.66,-0.07,-0.51,-0.13,-0.96
06/05/2017,13.73,-0.07,-0.51,-0.10,-0.69
06/02/2017,13.8,-0.02,-0.14,-0.06,-0.42
06/01/2017,13.82,0.12,0.88,-0.04,-0.25
05/31/2017,13.7,-0.05,-0.36,-0.17,-1.22
05/30/2017,13.75,0.00,0.00,-0.10,-0.74
05/26/2017,13.75,0.00,0.00,-0.11,-0.77
05/25/2017,13.75,0.09,0.66,-0.07,-0.54
05/24/2017,13.66,0.00,0.00,-0.07,-0.51
05/23/2017,13.66,-0.09,-0.65,-0.06,-0.45
05/22/2017,13.75,0.04,0.29,-0.07,-0.54
05/19/2017,13.71,0.01,0.07,-0.01,-0.07
05/18/2017,13.7,0.02,0.15,-0.08,-0.56
05/17/2017,13.68,-0.22,-1.58,-0.22,-1.55
05/16/2017,13.9,-0.01,-0.07,-0.06,-0.44
05/15/2017,13.91,0.13,0.94,-0.04,-0.26
05/12/2017,13.78,-0.02,-0.14,-0.04,-0.33
05/11/2017,13.8,-0.17,-1.22,-0.14,-0.97
05/10/2017,13.97,0.08,0.58,-0.04,-0.27
05/09/2017,13.89,0.17,1.24,-0.07,-0.50
05/08/2017,13.72,-0.03,-0.22,-0.14,-1.00
05/05/2017,13.75,-0.03,-0.22,-0.02,-0.17
05/04/2017,13.78,-0.31,-2.20,-0.24,-1.69
05/03/2017,14.09,0.04,0.28,-0.13,-0.94
05/02/2017,14.05,-0.07,-0.50,-0.19,-1.32
05/01/2017,14.12,0.03,0.21,-0.04,-0.31
04/28/2017,14.09,0.07,0.50,-0.08,-0.55
04/27/2017,14.02,-0.12,-0.85,-0.10,-0.74
04/26/2017,14.14,0.03,0.21,-0.10,-0.71
04/25/2017,14.11,0.11,0.79,-0.10,-0.69
04/24/2017,14,-0.09,-0.64,-0.07,-0.48
04/21/2017,14.09,-0.01,-0.07,-0.10,-0.67
04/20/2017,14.1,0.18,1.29,-0.08,-0.54
04/19/2017,13.92,-0.05,-0.36,-0.14,-0.99
04/18/2017,13.97,-0.32,-2.24,-0.16,-1.11
04/17/2017,14.29,0.06,0.42,-0.09,-0.66
04/13/2017,14.23,-0.06,-0.42,-0.16,-1.14
04/12/2017,14.29,0.04,0.28,-0.15,-1.07
04/11/2017,14.25,0.02,0.14,-0.08,-0.54
04/10/2017,14.23,-0.08,-0.56,-0.11,-0.73
04/07/2017,14.31,0.03,0.21,-0.05,-0.38
04/06/2017,14.28,-0.06,-0.42,-0.06,-0.45
04/05/2017,14.34,0.02,0.14,-0.08,-0.57
04/04/2017,14.32,0.01,0.07,-0.01,-0.08
04/03/2017,14.31,0.19,1.35,-0.03,-0.23
03/31/2017,14.12,-0.08,-0.56,-0.01,-0.09
03/30/2017,14.2,-0.13,-0.91,-0.05,-0.36
03/29/2017,14.33,0.02,0.14,0.01,0.04
03/28/2017,14.31,0.05,0.35,0.02,0.11
03/27/2017,14.26,-0.22,-1.52,0.03,0.19
03/24/2017,14.48,-0.05,-0.34,0.00,-0.01
03/23/2017,14.53,0.07,0.48,0.03,0.19
03/22/2017,14.46,0.12,0.84,0.04,0.28
03/21/2017,14.34,-0.09,-0.62,-0.23,-1.57
03/20/2017,14.43,0.11,0.77,-0.03,-0.20
03/17/2017,14.32,-0.06,-0.42,-0.09,-0.59
03/16/2017,14.38,0.03,0.21,-0.05,-0.36
03/15/2017,14.35,0.21,1.49,0.13,0.94
03/14/2017,14.14,0.03,0.21,-0.02,-0.12
03/13/2017,14.11,0.23,1.66,-0.01,-0.06
03/10/2017,13.88,0.15,1.09,-0.02,-0.13
03/09/2017,13.73,-0.18,-1.29,-0.09,-0.65
03/08/2017,13.91,-0.03,-0.22,-0.18,-1.26
03/07/2017,13.94,0.01,0.07,-0.08,-0.58
03/06/2017,13.93,0.09,0.65,-0.04,-0.26
03/03/2017,13.84,0.07,0.51,-0.05,-0.37
03/02/2017,13.77,-0.18,-1.29,-0.19,-1.35
03/01/2017,13.95,0.30,2.20,-0.02,-0.12
02/28/2017,13.65,-0.08,-0.58,-0.09,-0.67
02/27/2017,13.73,0.06,0.44,-0.05,-0.33
02/24/2017,13.67,-0.30,-2.15,-0.11,-0.80
02/23/2017,13.97,-0.03,-0.21,-0.08,-0.60
02/22/2017,14,0.21,1.52,-0.08,-0.59
02/21/2017,13.79,0.16,1.17,0.02,0.15
02/17/2017,13.63,-0.15,-1.09,-0.07,-0.49
02/16/2017,13.78,-0.18,-1.29,-0.06,-0.43
02/15/2017,13.96,0.06,0.43,0.01,0.05
02/14/2017,13.9,0.03,0.22,0.01,0.04
02/13/2017,13.87,0.24,1.76,-0.03,-0.24
02/10/2017,13.63,0.09,0.66,-0.03,-0.19
02/09/2017,13.54,0.25,1.88,-0.04,-0.28
02/08/2017,13.29,0.24,1.84,-0.05,-0.35
02/07/2017,13.05,0.06,0.46,-0.12,-0.90
02/06/2017,12.99,-0.12,-0.92,-0.14,-1.04
02/03/2017,13.11,0.20,1.55,-0.01,-0.11
02/02/2017,12.91,-0.11,-0.84,-0.13,-0.98
02/01/2017,13.02,0.04,0.31,-0.09,-0.67
01/31/2017,12.98,0.00,0.00,-0.12,-0.92
01/30/2017,12.98,-0.06,-0.46,-0.12,-0.91
01/27/2017,13.04,-0.02,-0.15,-0.06,-0.45
01/26/2017,13.06,0.08,0.62,-0.12,-0.89
01/25/2017,12.98,-0.04,-0.31,-0.08,-0.64
01/24/2017,13.02,0.22,1.72,-0.08,-0.65
01/23/2017,12.8,0.10,0.79,-0.10,-0.80
01/20/2017,12.7,0.02,0.16,-0.13,-0.99
01/19/2017,12.68,-0.02,-0.16,-0.20,-1.52
01/18/2017,12.7,0.18,1.44,-0.18,-1.40
01/17/2017,12.52,0.05,0.40,-0.11,-0.89
01/13/2017,12.47,-0.03,-0.24,-0.20,-1.58
01/12/2017,12.5,-0.09,-0.71,-0.19,-1.47
01/11/2017,12.59,0.12,0.96,-0.10,-0.79
01/10/2017,12.47,0.25,2.05,-0.09,-0.69
01/09/2017,12.22,-0.03,-0.24,-0.19,-1.50
01/06/2017,12.25,-0.11,-0.89,-0.16,-1.25
01/05/2017,12.36,0.13,1.06,-0.07,-0.56
01/04/2017,12.23,0.25,2.09,-0.05,-0.41
01/03/2017,11.98,0.07,0.59,-0.18,-1.45
12/30/2016,11.91,-0.04,-0.33,-0.25,-2.06
12/29/2016,11.95,0.13,1.10,-0.12,-1.00
12/28/2016,11.82,-0.11,-0.92,-0.19,-1.58
12/27/2016,11.93,0.02,0.17,-0.16,-1.32
12/23/2016,11.91,-0.02,-0.17,-0.18,-1.50
12/22/2016,11.93,-0.11,-0.91,-0.23,-1.90
12/21/2016,12.04,-0.05,-0.41,-0.22,-1.81
12/20/2016,12.09,-0.06,-0.49,-0.09,-0.74
12/19/2016,12.15,-0.06,-0.49,-0.18,-1.48
12/16/2016,12.21,-0.03,-0.25,-0.26,-2.06
12/15/2016,12.24,-0.02,-0.16,-0.16,-1.30
12/14/2016,12.26,-0.34,-2.70,-0.31,-2.45
12/13/2016,12.6,0.18,1.45,-0.06,-0.50
12/12/2016,12.42,-0.36,-2.82,-0.17,-1.32
12/09/2016,12.78,-0.07,-0.54,-0.13,-1.00
12/08/2016,12.85,-0.11,-0.85,-0.12,-0.92
12/07/2016,12.96,0.16,1.25,0.03,0.20
12/06/2016,12.8,-0.05,-0.39,-0.09,-0.69
12/05/2016,12.85,-0.17,-1.31,-0.04,-0.33
12/02/2016,13.02,-0.04,-0.31,-0.05,-0.41
12/01/2016,13.06,0.06,0.46,-0.13,-1.01
11/30/2016,13,-0.18,-1.37,-0.19,-1.46
11/29/2016,13.18,0.11,0.84,-0.11,-0.86
11/28/2016,13.07,0.09,0.69,-0.21,-1.61
11/25/2016,12.98,0.13,1.01,-0.16,-1.25
11/23/2016,12.85,-0.11,-0.85,-0.20,-1.52
11/22/2016,12.96,0.08,0.62,-0.10,-0.80
11/21/2016,12.88,0.11,0.86,-0.09,-0.71
11/18/2016,12.77,0.03,0.24,-0.08,-0.61
11/17/2016,12.74,0.38,3.07,-0.12,-0.95
11/16/2016,12.36,-0.41,-3.21,-0.48,-3.71
11/15/2016,12.77,0.07,0.55,-0.02,-0.19
11/14/2016,12.7,-0.05,-0.39,-0.18,-1.41
11/11/2016,12.75,0.02,0.16,-0.23,-1.78
11/10/2016,12.73,-0.01,-0.08,-0.30,-2.30
11/09/2016,12.74,-0.13,-1.01,0.01,0.07
11/08/2016,12.87,0.13,1.02,-0.02,-0.15
11/07/2016,12.74,0.36,2.91,-0.07,-0.58
11/04/2016,12.38,0.02,0.16,-0.19,-1.55
11/03/2016,12.36,0.00,0.00,-0.15,-1.21
11/02/2016,12.36,-0.12,-0.96,-0.19,-1.54
11/01/2016,12.48,0.07,0.56,-0.26,-2.04
10/31/2016,12.41,-0.07,-0.56,-0.17,-1.32
10/28/2016,12.48,-0.16,-1.27,-0.19,-1.51
10/27/2016,12.64,-0.06,-0.47,-0.16,-1.28
10/26/2016,12.7,-0.17,-1.32,-0.17,-1.34
10/25/2016,12.87,0.01,0.08,-0.17,-1.32
10/24/2016,12.86,0.17,1.34,-0.18,-1.38
10/21/2016,12.69,0.01,0.08,-0.12,-0.97
10/20/2016,12.68,-0.04,-0.31,-0.13,-1.05
10/19/2016,12.72,0.03,0.24,-0.05,-0.41
10/18/2016,12.69,0.30,2.42,-0.14,-1.13
10/17/2016,12.39,-0.08,-0.64,-0.12,-0.99
10/14/2016,12.47,0.04,0.32,-0.05,-0.37
10/13/2016,12.43,-0.14,-1.11,-0.01,-0.12
10/12/2016,12.57,0.02,0.16,-0.05,-0.42
10/11/2016,12.55,-0.25,-1.95,-0.14,-1.14
10/10/2016,12.8,0.19,1.51,0.02,0.16
10/07/2016,12.61,-0.16,-1.25,-0.18,-1.40
10/06/2016,12.77,0.12,0.95,-0.13,-0.97
10/05/2016,12.65,0.26,2.10,-0.04,-0.35
10/04/2016,12.39,-0.12,-0.96,-0.25,-1.96
10/03/2016,12.51,0.04,0.32,-0.08,-0.66
09/30/2016,12.47,0.09,0.73,0.04,0.36
09/29/2016,12.38,-0.10,-0.80,-0.23,-1.81
09/28/2016,12.48,0.14,1.13,-0.01,-0.08
09/27/2016,12.34,0.01,0.08,-0.22,-1.72
09/26/2016,12.33,-0.24,-1.91,-0.17,-1.33
09/23/2016,12.57,-0.24,-1.87,-0.19,-1.47
09/22/2016,12.81,0.08,0.63,-0.01,-0.06
09/21/2016,12.73,0.25,2.00,0.00,-0.01
09/20/2016,12.48,-0.18,-1.42,-0.15,-1.17
09/19/2016,12.66,0.06,0.48,-0.02,-0.14
09/16/2016,12.6,-0.01,-0.08,0.02,0.13
09/15/2016,12.61,0.26,2.11,0.03,0.20
09/14/2016,12.35,0.23,1.90,-0.14,-1.11
09/13/2016,12.12,-0.52,-4.11,-0.42,-3.36
09/12/2016,12.64,-0.07,-0.55,0.06,0.45
09/09/2016,12.71,-0.30,-2.31,-0.32,-2.49
09/08/2016,13.01,0.18,1.40,-0.05,-0.41
09/07/2016,12.83,-0.02,-0.16,-0.15,-1.15
09/06/2016,12.85,0.23,1.82,-0.16,-1.24
09/02/2016,12.62,0.21,1.69,0.00,-0.01
09/01/2016,12.41,0.10,0.81,-0.16,-1.25
08/31/2016,12.31,-0.11,-0.89,-0.26,-2.10
08/30/2016,12.42,-0.11,-0.88,-0.32,-2.47
08/29/2016,12.53,0.30,2.45,-0.10,-0.79
08/26/2016,12.23,0.00,0.00,-0.39,-3.09
08/25/2016,12.23,-0.17,-1.37,-0.24,-1.94
08/24/2016,12.4,0.04,0.32,-0.19,-1.51
08/23/2016,12.36,-0.12,-0.96,-0.21,-1.68
08/22/2016,12.48,-0.17,-1.34,-0.23,-1.77
08/19/2016,12.65,-0.01,-0.08,-0.16,-1.29
08/18/2016,12.66,0.02,0.16,-0.18,-1.39
08/17/2016,12.64,-0.18,-1.40,-0.12,-0.93
08/16/2016,12.82,0.04,0.31,-0.13,-1.02
08/15/2016,12.78,0.31,2.49,-0.10,-0.77
08/12/2016,12.47,-0.22,-1.73,-0.35,-2.70
08/11/2016,12.69,0.23,1.85,-0.04,-0.33
08/10/2016,12.46,-0.11,-0.88,-0.18,-1.46
08/09/2016,12.57,0.14,1.13,-0.09,-0.74
08/08/2016,12.43,0.15,1.22,-0.23,-1.81
08/05/2016,12.28,0.17,1.40,-0.03,-0.26
08/04/2016,12.11,0.13,1.09,-0.05,-0.43
08/03/2016,11.98,0.04,0.34,-0.12,-0.98
08/02/2016,11.94,-0.01,-0.08,-0.29,-2.34
08/01/2016,11.95,-0.05,-0.42,-0.28,-2.27
07/29/2016,12,0.02,0.17,-0.10,-0.79
07/28/2016,11.98,0.01,0.08,-0.26,-2.12
07/27/2016,11.97,-0.07,-0.58,-0.22,-1.82
07/26/2016,12.04,0.10,0.84,-0.15,-1.23
07/25/2016,11.94,-0.04,-0.33,-0.23,-1.91
07/22/2016,11.98,0.02,0.17,-0.15,-1.27
07/21/2016,11.96,0.01,0.08,-0.25,-2.05
07/20/2016,11.95,0.11,0.93,-0.13,-1.05
07/19/2016,11.84,-0.16,-1.33,-0.18,-1.50
07/18/2016,12,0.03,0.25,-0.13,-1.04
07/15/2016,11.97,-0.04,-0.33,-0.13,-1.10
07/14/2016,12.01,0.16,1.35,-0.10,-0.83
07/13/2016,11.85,-0.03,-0.25,-0.16,-1.34
07/12/2016,11.88,0.24,2.06,-0.05,-0.40
07/11/2016,11.64,0.24,2.11,-0.08,-0.70
07/08/2016,11.4,0.22,1.97,-0.12,-1.00
07/07/2016,11.18,-0.10,-0.89,-0.33,-2.88
07/06/2016,11.28,-0.19,-1.66,-0.16,-1.43
07/05/2016,11.47,-0.24,-2.05,-0.11,-0.99
07/01/2016,11.71,0.23,2.00,0.08,0.70
06/30/2016,11.48,0.10,0.88,-0.15,-1.30
06/29/2016,11.38,0.25,2.25,-0.06,-0.52
06/28/2016,11.13,0.23,2.11,-0.11,-0.96
06/27/2016,10.9,-0.20,-1.80,-0.38,-3.39
06/24/2016,11.1,-0.54,-4.64,-0.20,-1.73
06/23/2016,11.64,0.18,1.57,0.06,0.49
06/22/2016,11.46,0.13,1.15,-0.23,-1.97
06/21/2016,11.33,-0.03,-0.26,-0.24,-2.08
06/20/2016,11.36,11.36,0.00,-0.07,-0.64
06/17/2016,0,-11.36,-100.00,0.00,0.00
06/16/2016,11.36,0.08,0.71,0.11,0.98
06/15/2016,11.28,0.14,1.26,-0.13,-1.13
06/14/2016,11.14,-0.12,-1.07,-0.12,-1.10
06/13/2016,11.26,-0.22,-1.92,-0.11,-0.99
06/10/2016,11.48,-0.36,-3.04,-0.14,-1.18
06/09/2016,11.84,0.02,0.17,-0.14,-1.15
06/08/2016,11.82,-0.23,-1.91,-0.16,-1.35
06/07/2016,12.05,0.42,3.61,-0.04,-0.29
06/06/2016,11.63,-0.08,-0.68,-0.20,-1.66
06/03/2016,11.71,0.00,0.00,-0.02,-0.17
06/02/2016,11.71,0.04,0.34,0.06,0.49
06/01/2016,11.67,-0.15,-1.27,0.02,0.14
05/31/2016,11.82,0.17,1.46,0.06,0.50
05/27/2016,11.65,0.17,1.48,0.05,0.39
05/26/2016,11.48,-0.04,-0.35,-0.04,-0.33
05/25/2016,11.52,0.03,0.26,0.01,0.10
05/24/2016,11.49,0.18,1.59,0.13,1.11
05/23/2016,11.31,0.11,0.98,-0.03,-0.29
05/20/2016,11.2,-0.02,-0.18,-0.08,-0.75
05/19/2016,11.22,-0.12,-1.06,-0.10,-0.91
05/18/2016,11.34,-0.03,-0.26,-0.09,-0.79
05/17/2016,11.37,-0.07,-0.61,-0.23,-2.00
05/16/2016,11.44,0.23,2.05,-0.04,-0.35
05/13/2016,11.21,-0.27,-2.35,-0.15,-1.31
05/12/2016,11.48,-0.24,-2.05,-0.10,-0.86
05/11/2016,11.72,0.14,1.21,0.07,0.60
05/10/2016,11.58,0.17,1.49,-0.04,-0.33
05/09/2016,11.41,-0.36,-3.06,-0.18,-1.52
05/06/2016,11.77,-0.21,-1.75,0.04,0.33
05/05/2016,11.98,0.06,0.50,-0.02,-0.20
05/04/2016,11.92,-0.14,-1.16,-0.22,-1.82
05/03/2016,12.06,-0.19,-1.55,-0.10,-0.81
05/02/2016,12.25,0.06,0.49,-0.09,-0.71
04/29/2016,12.19,0.12,0.99,-0.16,-1.29
04/28/2016,12.07,-0.12,-0.98,-0.36,-2.86
04/27/2016,12.19,-0.09,-0.73,-0.21,-1.68
04/26/2016,12.28,0.03,0.24,-0.11,-0.86
04/25/2016,12.25,-0.36,-2.85,-0.14,-1.13
04/22/2016,12.61,0.07,0.56,-0.02,-0.15
04/21/2016,12.54,-0.22,-1.72,-0.28,-2.20
04/20/2016,12.76,-0.09,-0.70,0.01,0.08
04/19/2016,12.85,0.22,1.74,-0.06,-0.44
04/18/2016,12.63,0.09,0.72,-0.10,-0.77
04/15/2016,12.54,-0.19,-1.49,-0.31,-2.43
04/14/2016,12.73,-0.08,-0.62,-0.12,-0.93
04/13/2016,12.81,0.58,4.74,-0.06,-0.50
04/12/2016,12.23,0.11,0.91,-0.23,-1.86
04/11/2016,12.12,0.19,1.59,-0.17,-1.42
04/08/2016,11.93,0.20,1.71,-0.20,-1.66
04/07/2016,11.73,-0.20,-1.68,-0.35,-2.90
04/06/2016,11.93,0.26,2.23,-0.10,-0.82
04/05/2016,11.67,-0.20,-1.68,-0.28,-2.36
04/04/2016,11.87,11.87,0.00,-0.19,-1.55
04/01/2016,0,-11.89,-100.00,0.00,0.00
03/31/2016,11.89,11.89,0.00,-0.23,-1.91
03/30/2016,0,-11.78,-100.00,0.00,0.00
03/29/2016,11.78,0.23,1.99,0.02,0.18
03/28/2016,11.55,0.06,0.52,-0.13,-1.15
03/24/2016,11.49,-0.16,-1.37,-0.20,-1.75
03/23/2016,11.65,-0.17,-1.44,-0.28,-2.36
03/22/2016,11.82,-0.17,-1.42,-0.13,-1.13
03/21/2016,11.99,0.07,0.59,-0.07,-0.54
03/18/2016,11.92,0.14,1.19,-0.01,-0.07
03/17/2016,11.78,0.21,1.82,-0.02,-0.19
03/16/2016,11.57,0.04,0.35,0.10,0.90
03/15/2016,11.53,-0.10,-0.86,-0.08,-0.73
03/14/2016,11.63,0.00,0.00,-0.11,-0.90
03/11/2016,11.63,0.58,5.25,0.05,0.44
03/10/2016,11.05,-0.10,-0.90,-0.15,-1.37
03/09/2016,11.15,-0.08,-0.71,-0.12,-1.03
03/08/2016,11.23,-0.22,-1.92,-0.19,-1.63
03/07/2016,11.45,-0.12,-1.04,-0.09,-0.81
03/04/2016,11.57,0.45,4.05,0.02,0.20
03/03/2016,11.12,-0.08,-0.71,-0.18,-1.63
03/02/2016,11.2,0.07,0.63,-0.08,-0.68
03/01/2016,11.13,0.52,4.90,0.27,2.46
02/29/2016,10.61,0.02,0.19,0.06,0.59
02/26/2016,10.59,-0.03,-0.28,-0.14,-1.34
02/25/2016,10.62,-0.17,-1.58,0.08,0.79
02/24/2016,10.79,0.01,0.09,-0.06,-0.57
02/23/2016,10.78,-0.28,-2.53,-0.17,-1.57
02/22/2016,11.06,0.28,2.60,0.06,0.55
02/19/2016,10.78,0.05,0.47,-0.15,-1.40
02/18/2016,10.73,-0.02,-0.19,-0.21,-1.91
02/17/2016,10.75,0.39,3.76,0.21,1.99
02/16/2016,10.36,0.46,4.65,-0.18,-1.70
02/12/2016,9.9,0.12,1.23,0.08,0.79
02/11/2016,9.78,-0.04,-0.41,-0.21,-2.08
02/10/2016,9.82,-0.04,-0.41,-0.56,-5.38
02/09/2016,9.86,0.08,0.82,-0.51,-4.92
02/08/2016,9.78,-0.29,-2.88,-0.60,-5.80
02/05/2016,10.07,-0.14,-1.37,-0.31,-3.00
02/04/2016,10.21,-0.18,-1.73,-0.19,-1.84
02/03/2016,10.39,0.17,1.66,0.12,1.13
02/02/2016,10.22,-0.27,-2.57,-0.29,-2.77
02/01/2016,10.49,-0.09,-0.85,-0.14,-1.33
01/29/2016,10.58,0.25,2.42,-0.03,-0.24
01/28/2016,10.33,0.24,2.38,0.03,0.29
01/27/2016,10.09,-0.23,-2.23,-0.10,-0.96
01/26/2016,10.32,0.02,0.19,0.19,1.85
01/25/2016,10.3,-0.22,-2.09,-0.25,-2.33
01/22/2016,10.52,0.39,3.85,0.12,1.12
01/21/2016,10.13,-0.19,-1.84,0.12,1.23
01/20/2016,10.32,-0.39,-3.64,-0.05,-0.47
01/19/2016,10.71,0.38,3.68,-0.16,-1.51
01/15/2016,10.33,-0.72,-6.52,-0.23,-2.14
01/14/2016,11.05,0.43,4.05,0.19,1.75
01/13/2016,10.62,-0.28,-2.57,-0.35,-3.16
01/12/2016,10.9,-0.07,-0.64,-0.04,-0.33
01/11/2016,10.97,-0.03,-0.27,0.00,-0.02
01/08/2016,11,-0.16,-1.43,-0.43,-3.75
01/07/2016,11.16,-0.84,-7.00,-0.16,-1.40
01/06/2016,12,-0.14,-1.15,0.08,0.68
01/05/2016,12.14,-0.06,-0.49,0.15,1.21
01/04/2016,12.2,0.00,0.00,0.01,0.06
12/31/15,--,--,--,-0.12,-0.93
12/30/15,--,--,--,-0.07,-0.59
12/29/15,--,--,--,0.05,0.42
12/28/15,--,--,--,0.10,0.78
12/24/15,--,--,--,-0.05,-0.41
12/23/15,--,--,--,0.29,2.23
12/22/15,--,--,--,0.05,0.41
12/21/15,--,--,--,-0.12,-0.88
12/18/15,--,--,--,-0.11,-0.88
12/17/15,--,--,--,-0.22,-1.70
12/16/15,--,--,--,0.24,1.88
12/15/15,--,--,--,0.21,1.60
12/14/15,--,--,--,-0.19,-1.48
12/11/15,--,--,--,-0.24,-1.90
12/10/15,--,--,--,-0.07,-0.52
12/9/15,--,--,--,-0.12,-0.91
12/8/15,--,--,--,-0.05,-0.34
12/7/15,--,--,--,-0.01,-0.09
12/4/15,--,--,--,0.21,1.51
12/3/15,--,--,--,-0.19,-1.36
12/2/15,--,--,--,-0.14,-1.00
12/1/15,--,--,--,0.11,0.80
11/30/15,--,--,--,0.19,1.39
11/27/15,--,--,--,0.06,0.45
11/25/15,--,--,--,0.08,0.55
11/24/15,--,--,--,0.08,0.56
11/23/15,--,--,--,-0.04,-0.26
11/20/15,--,--,--,0.08,0.55
11/19/15,--,--,--,0.29,2.04
11/18/15,--,--,--,0.33,2.42
11/17/15,--,--,--,0.25,1.85
11/16/15,--,--,--,0.45,3.30
11/13/15,--,--,--,-0.23,-1.67
11/12/15,--,--,--,-0.18,-1.31
11/11/15,--,--,--,0.28,2.03
11/10/15,--,--,--,0.01,0.07
11/9/15,--,--,--,-0.11,-0.78
11/6/15,--,--,--,0.06,0.44
11/5/15,--,--,--,0.12,0.85
11/4/15,--,--,--,-0.01,-0.10
11/3/15,--,--,--,0.25,1.72
11/2/15,--,--,--,0.42,2.97
11/1/15,--,--,--,0.15,1.04
10/31/15,--,--,--,0.15,1.04
10/30/15,--,--,--,0.14,0.97
10/29/15,--,--,--,0.08,0.53
10/28/15,--,--,--,0.01,0.04
10/27/15,--,--,--,-0.02,-0.10
10/26/15,--,--,--,0.17,1.15
10/23/15,--,--,--,0.45,3.06
10/22/15,--,--,--,0.45,3.07
10/21/15,--,--,--,-0.10,-0.69
10/20/15,--,--,--,0.18,1.22
10/19/15,--,--,--,0.01,0.09
10/16/15,--,--,--,0.27,1.78
10/15/15,--,--,--,0.30,2.02
10/14/15,--,--,--,0.21,1.45
10/13/15,--,--,--,0.01,0.07
10/12/15,--,--,--,0.13,0.92
10/9/15,--,--,--,0.31,2.18
10/8/15,--,--,--,0.38,2.63
10/7/15,--,--,--,0.03,0.19
10/6/15,--,--,--,0.16,1.13
10/5/15,--,--,--,0.38,2.70
10/2/15,--,--,--,0.29,2.04
10/1/15,--,--,--,0.26,1.92
9/30/15,--,--,--,0.27,1.99
9/29/15,--,--,--,0.23,1.74
9/28/15,--,--,--,-0.45,-3.34
9/25/15,--,--,--,-0.24,-1.79
9/24/15,--,--,--,-0.14,-1.05
9/23/15,--,--,--,-0.08,-0.59
9/22/15,--,--,--,-0.30,-2.20
9/21/15,--,--,--,-0.09,-0.66
9/18/15,--,--,--,-0.27,-1.92
9/17/15,--,--,--,0.12,0.89
9/16/15,--,--,--,0.28,2.02
9/15/15,--,--,--,0.12,0.89
9/14/15,--,--,--,0.02,0.17
9/11/15,--,--,--,0.20,1.47
9/10/15,--,--,--,0.14,1.01
9/9/15,--,--,--,-0.39,-2.86
9/8/15,--,--,--,0.18,1.38
9/4/15,--,--,--,-0.31,-2.44
9/3/15,--,--,--,0.01,0.09
9/2/15,--,--,--,-0.12,-0.98
9/1/15,--,--,--,-0.41,-3.22
8/31/15,--,--,--,-0.23,-1.74
8/28/15,--,--,--,-0.11,-0.80
8/27/15,--,--,--,0.24,1.75
8/26/15,--,--,--,0.28,2.20
8/25/15,--,--,--,0.03,0.27
8/24/15,--,--,--,-0.41,-3.19
8/21/15,--,--,--,-0.40,-2.91
8/20/15,--,--,--,-0.31,-2.19
8/19/15,--,--,--,-0.15,-1.03
8/18/15,--,--,--,0.03,0.19
8/17/15,--,--,--,0.07,0.50
8/14/15,--,--,--,0.05,0.34
8/13/15,--,--,--,0.03,0.22
8/12/15,--,--,--,0.03,0.19
8/11/15,--,--,--,0.00,0.00
8/10/15,--,--,--,0.21,1.32
8/7/15,--,--,--,-0.05,-0.34
8/6/15,--,--,--,-0.04,-0.30
8/5/15,--,--,--,0.03,0.23
8/4/15,--,--,--,-0.01,-0.08
8/3/15,--,--,--,-0.05,-0.38
7/31/15,--,--,--,0.00,-0.02
7/30/15,--,--,--,0.15,1.06
7/29/15,--,--,--,0.23,1.56
7/28/15,--,--,--,0.12,0.85
7/27/15,--,--,--,-0.14,-0.95
7/24/15,--,--,--,-0.14,-0.93
7/23/15,--,--,--,-0.12,-0.78
7/22/15,--,--,--,-0.03,-0.21
7/21/15,--,--,--,-0.12,-0.77
7/20/15,--,--,--,-0.02,-0.11
7/17/15,--,--,--,0.04,0.24
7/16/15,--,--,--,-0.01,-0.08
7/15/15,--,--,--,-0.17,-1.11
7/14/15,--,--,--,-0.05,-0.32
7/13/15,--,--,--,-0.11,-0.69
7/10/15,--,--,--,0.02,0.11
7/9/15,--,--,--,-0.07,-0.51
7/8/15,--,--,--,-0.13,-0.96
7/7/15,--,--,--,-0.16,-1.12
7/6/15,--,--,--,-0.06,-0.40
7/2/15,--,--,--,-0.05,-0.29
7/1/15,--,--,--,-0.19,-1.12
6/30/15,--,--,--,-0.08,-0.48
6/29/15,--,--,--,-0.07,-0.42
6/26/15,--,--,--,-0.09,-0.50
6/25/15,--,--,--,-0.07,-0.40
6/24/15,--,--,--,0.00,-0.02
6/23/15,--,--,--,0.03,0.15
6/22/15,--,--,--,-0.01,-0.05
6/19/15,--,--,--,0.05,0.30
6/18/15,--,--,--,0.03,0.18
6/17/15,--,--,--,-0.05,-0.29
6/16/15,--,--,--,0.07,0.38
6/15/15,--,--,--,-0.15,-0.84
6/12/15,--,--,--,-0.03,-0.14
6/11/15,--,--,--,0.05,0.30
6/10/15,--,--,--,0.08,0.43
6/9/15,--,--,--,-0.03,-0.15
6/8/15,--,--,--,-0.06,-0.33
6/5/15,--,--,--,0.08,0.41
6/4/15,--,--,--,-0.02,-0.11
6/3/15,--,--,--,0.10,0.50
6/2/15,--,--,--,0.01,0.05
6/1/15,--,--,--,-0.20,-1.04
5/29/15,--,--,--,-0.02,-0.12
5/28/15,--,--,--,0.09,0.47
5/27/15,--,--,--,0.12,0.62
5/26/15,--,--,--,-0.01,-0.04
5/22/15,--,--,--,0.23,1.18
5/21/15,--,--,--,0.06,0.30
5/20/15,--,--,--,0.03,0.17
5/19/15,--,--,--,0.04,0.23
5/18/15,--,--,--,0.01,0.05
5/15/15,--,--,--,0.09,0.46
5/14/15,--,--,--,0.07,0.37
5/13/15,--,--,--,-0.06,-0.34
5/12/15,--,--,--,0.02,0.08
5/11/15,--,--,--,-0.07,-0.39
5/8/15,--,--,--,0.09,0.46
5/7/15,--,--,--,0.05,0.29
5/6/15,--,--,--,-0.12,-0.66
5/5/15,--,--,--,0.16,0.85
5/4/15,--,--,--,0.29,1.51
5/1/15,--,--,--,0.29,1.47
4/30/15,--,--,--,0.01,0.07
4/29/15,--,--,--,0.13,0.64
4/28/15,--,--,--,0.10,0.47
4/27/15,--,--,--,0.25,1.21
4/24/15,--,--,--,0.15,0.75
4/23/15,--,--,--,0.19,0.95
4/22/15,--,--,--,0.23,1.15
4/21/15,--,--,--,0.19,1.00
4/20/15,--,--,--,0.30,1.54
4/17/15,--,--,--,-0.40,-1.97
4/16/15,--,--,--,0.35,1.74
4/15/15,--,--,--,0.26,1.36
4/14/15,--,--,--,0.24,1.25
4/13/15,--,--,--,0.01,0.06
4/10/15,--,--,--,0.47,2.46
4/9/15,--,--,--,1.07,5.74
4/8/15,--,--,--,1.01,5.52
4/7/15,--,--,--,0.60,3.68
4/6/15,--,--,--,0.40,2.47
4/2/15,--,--,--,0.14,0.85
4/1/15,--,--,--,0.10,0.64
3/31/15,--,--,--,0.05,0.34
3/30/15,--,--,--,0.29,1.87
3/27/15,--,--,--,0.15,1.02
3/26/15,--,--,--,-0.11,-0.80
3/25/15,--,--,--,-0.17,-1.16
3/24/15,--,--,--,-0.01,-0.08
3/23/15,--,--,--,-0.05,-0.37
3/20/15,--,--,--,0.06,0.44
3/19/15,--,--,--,-0.07,-0.49
3/18/15,--,--,--,0.11,0.80
3/17/15,--,--,--,0.10,0.72
3/16/15,--,--,--,0.00,-0.02
3/13/15,--,--,--,-0.09,-0.65
3/12/15,--,--,--,-0.04,-0.27
3/11/15,--,--,--,-0.06,-0.45
3/10/15,--,--,--,-0.20,-1.50
3/9/15,--,--,--,-0.06,-0.44
3/6/15,--,--,--,-0.20,-1.43
3/5/15,--,--,--,-0.05,-0.38
3/4/15,--,--,--,-0.05,-0.37
3/3/15,--,--,--,-0.03,-0.23
3/2/15,--,--,--,0.00,0.02
2/27/15,--,--,--,0.02,0.14
2/26/15,--,--,--,0.00,-0.02
2/25/15,--,--,--,0.00,0.03
2/24/15,--,--,--,0.10,0.70
2/23/15,--,--,--,-0.11,-0.77
2/20/15,--,--,--,0.00,-0.03
2/19/15,--,--,--,-0.09,-0.63
2/18/15,--,--,--,-0.07,-0.48
2/17/15,--,--,--,0.00,-0.04
2/13/15,--,--,--,0.01,0.04
2/12/15,--,--,--,0.06,0.45
2/11/15,--,--,--,0.00,0.01
2/10/15,--,--,--,-0.05,-0.38
2/9/15,--,--,--,-0.08,-0.59
2/6/15,--,--,--,-0.12,-0.94
2/5/15,--,--,--,0.05,0.34
2/4/15,--,--,--,0.25,1.88
2/3/15,--,--,--,0.16,1.22
2/2/15,--,--,--,0.12,0.87
1/30/15,--,--,--,-0.12,-0.86
1/29/15,--,--,--,0.11,0.79
1/28/15,--,--,--,-0.13,-0.97
1/27/15,--,--,--,0.01,0.10
1/26/15,--,--,--,0.10,0.74
1/23/15,--,--,--,0.11,0.81
1/22/15,--,--,--,0.27,1.92
1/21/15,--,--,--,0.16,1.11
1/20/15,--,--,--,0.10,0.72
1/16/15,--,--,--,0.00,-0.01
1/15/15,--,--,--,-0.10,-0.69
1/14/15,--,--,--,-0.05,-0.34
1/13/15,--,--,--,0.04,0.28
1/12/15,--,--,--,-0.07,-0.47
1/9/15,--,--,--,-0.03,-0.23
1/8/15,--,--,--,0.08,0.53
1/7/15,--,--,--,0.05,0.34
1/6/15,--,--,--,-0.13,-0.91
1/5/15,--,--,--,-0.18,-1.24
1/2/15,--,--,--,-0.08,-0.53
1/1/15,--,--,--,-0.03,-0.21
