"Global X MSCI China Consumer Discretionary ETF",,,,,
Date,"Closing Price","Daily Change","Daily Change %",Premium/Discount,"Premium/Discount %"
03/15/2019,16.01,0.34,2.17,0.07,0.44
03/14/2019,15.67,-0.23,-1.45,0.00,0.01
03/13/2019,15.9,-0.15,-0.93,0.06,0.40
03/12/2019,16.05,0.00,0.00,0.05,0.32
03/11/2019,16.05,0.35,2.23,0.06,0.38
03/08/2019,15.7,-0.33,-2.06,0.00,-0.00
03/07/2019,16.03,-0.52,-3.14,-0.07,-0.43
03/06/2019,16.55,-0.17,-1.02,-0.01,-0.06
03/05/2019,16.72,0.32,1.95,0.10,0.61
03/04/2019,16.4,0.13,0.80,0.05,0.32
03/01/2019,16.27,0.22,1.37,0.06,0.36
02/28/2019,16.05,0.03,0.19,0.06,0.37
02/27/2019,16.02,-0.26,-1.60,0.04,0.24
02/26/2019,16.28,-0.05,-0.31,0.13,0.80
02/25/2019,16.33,0.46,2.90,0.12,0.77
02/22/2019,15.87,0.37,2.39,0.09,0.55
02/21/2019,15.5,-0.11,-0.70,0.01,0.09
02/20/2019,15.61,0.24,1.56,0.09,0.60
02/19/2019,15.37,0.16,1.05,0.07,0.46
02/15/2019,15.21,-0.23,-1.49,0.10,0.69
02/14/2019,15.44,-0.08,-0.52,0.00,-0.02
02/13/2019,15.52,0.24,1.57,0.01,0.08
02/12/2019,15.28,0.21,1.39,0.04,0.28
02/11/2019,15.07,0.23,1.55,0.03,0.18
02/08/2019,14.84,0.03,0.20,-0.06,-0.40
02/07/2019,14.81,-0.30,-1.99,-0.11,-0.74
02/06/2019,15.11,-0.09,-0.59,-0.01,-0.03
02/05/2019,15.2,0.27,1.81,0.07,0.44
02/04/2019,14.93,0.07,0.47,-0.02,-0.15
02/01/2019,14.86,0.09,0.61,-0.06,-0.39
01/31/2019,14.77,0.21,1.44,0.01,0.07
01/30/2019,14.56,0.20,1.39,0.03,0.23
01/29/2019,14.36,-0.05,-0.35,-0.05,-0.33
01/28/2019,14.41,-0.17,-1.17,-0.07,-0.48
01/25/2019,14.58,0.39,2.75,0.05,0.35
01/24/2019,14.19,0.18,1.28,0.01,0.10
01/23/2019,14.01,0.15,1.08,-0.02,-0.15
01/22/2019,13.86,-0.34,-2.39,-0.09,-0.66
01/18/2019,14.2,0.31,2.23,0.04,0.29
01/17/2019,13.89,0.07,0.51,0.03,0.20
01/16/2019,13.82,0.16,1.17,-0.01,-0.11
01/15/2019,13.66,0.22,1.64,-0.05,-0.39
01/14/2019,13.44,-0.09,-0.67,0.03,0.25
01/11/2019,13.53,-0.15,-1.10,-0.14,-0.99
01/10/2019,13.68,0.03,0.22,0.02,0.17
01/09/2019,13.65,0.49,3.72,0.03,0.25
01/08/2019,13.16,0.02,0.15,0.01,0.05
01/07/2019,13.14,0.09,0.69,-0.01,-0.08
01/04/2019,13.05,0.50,3.98,0.06,0.48
01/03/2019,12.55,-0.42,-3.24,-0.05,-0.39
01/02/2019,12.97,-0.03,-0.23,0.00,-0.00
12/31/2018,13,-0.09,-0.69,-0.10,-0.79
12/28/2018,13.09,-0.20,-1.50,-0.04,-0.34
12/27/2018,13.29,-0.15,-1.12,-0.07,-0.52
12/26/2018,13.44,0.24,1.82,-0.02,-0.16
12/24/2018,13.2,0.08,0.61,-0.05,-0.35
12/21/2018,13.12,-0.10,-0.76,-0.15,-1.14
12/20/2018,13.22,-0.05,-0.38,-0.12,-0.87
12/19/2018,13.27,-0.30,-2.21,-0.16,-1.17
12/18/2018,13.57,-0.04,-0.29,-0.02,-0.16
12/17/2018,13.61,-0.36,-2.58,-0.18,-1.30
12/14/2018,13.97,-0.16,-1.13,-0.06,-0.43
12/13/2018,14.13,0.12,0.86,-0.09,-0.63
12/12/2018,14.01,0.24,1.74,0.02,0.11
12/11/2018,13.77,0.13,0.95,0.02,0.12
12/10/2018,13.64,-0.17,-1.23,-0.07,-0.54
12/07/2018,13.81,-0.25,-1.78,-0.11,-0.81
12/06/2018,14.06,-0.40,-2.77,-0.04,-0.27
12/05/2018,14.46,0.00,0.00,0.00,0.00
12/04/2018,14.46,-0.25,-1.70,-0.13,-0.89
12/03/2018,14.71,0.52,3.66,0.00,0.03
11/30/2018,14.19,0.08,0.57,0.02,0.14
11/29/2018,14.11,-0.19,-1.33,0.00,0.01
11/28/2018,14.3,0.26,1.85,0.03,0.24
11/27/2018,14.04,-0.01,-0.07,0.00,0.02
11/26/2018,14.05,0.37,2.70,-0.07,-0.48
11/23/2018,13.68,-0.29,-2.08,-0.11,-0.79
11/21/2018,13.97,0.41,3.02,0.02,0.16
11/20/2018,13.56,-0.31,-2.24,-0.10,-0.76
11/19/2018,13.87,-0.30,-2.12,-0.13,-0.94
11/16/2018,14.17,-0.07,-0.49,0.06,0.42
11/15/2018,14.24,0.32,2.30,0.03,0.19
11/14/2018,13.92,0.17,1.24,0.03,0.20
11/13/2018,13.75,0.35,2.61,-0.07,-0.49
11/12/2018,13.4,-0.17,-1.25,-0.15,-1.08
11/09/2018,13.57,-0.36,-2.58,-0.06,-0.46
11/08/2018,13.93,-0.59,-4.06,-0.12,-0.84
11/07/2018,14.52,0.29,2.04,0.08,0.55
11/06/2018,14.23,-0.04,-0.28,-0.07,-0.49
11/05/2018,14.27,-0.10,-0.70,0.01,0.05
11/02/2018,14.37,0.19,1.34,-0.19,-1.33
11/01/2018,14.18,0.61,4.50,0.12,0.85
10/31/2018,13.57,0.55,4.22,-0.01,-0.06
10/30/2018,13.02,0.18,1.40,-0.03,-0.24
10/29/2018,12.84,-0.40,-3.02,-0.16,-1.20
10/26/2018,13.24,-0.18,-1.34,-0.05,-0.41
10/25/2018,13.42,0.31,2.36,-0.02,-0.12
10/24/2018,13.11,-0.40,-2.96,-0.20,-1.49
10/23/2018,13.51,-0.42,-3.02,0.00,-0.02
10/22/2018,13.93,0.48,3.57,-0.09,-0.64
10/19/2018,13.45,0.13,0.98,-0.08,-0.62
10/18/2018,13.32,-0.35,-2.56,-0.21,-1.56
10/17/2018,13.67,-0.15,-1.09,-0.02,-0.18
10/16/2018,13.82,0.16,1.17,0.07,0.48
10/15/2018,13.66,-0.29,-2.08,-0.04,-0.29
10/12/2018,13.95,0.35,2.57,-0.06,-0.43
10/11/2018,13.6,-0.01,-0.07,-0.01,-0.11
10/10/2018,13.61,-0.46,-3.27,-0.26,-1.88
10/09/2018,14.07,-0.12,-0.85,-0.08,-0.56
10/08/2018,14.19,-0.29,-2.00,-0.05,-0.33
10/05/2018,14.48,-0.14,-0.96,-0.11,-0.75
10/04/2018,14.62,-0.31,-2.08,-0.17,-1.12
10/03/2018,14.93,-0.01,-0.07,-0.15,-0.98
10/02/2018,14.94,-0.45,-2.92,-0.09,-0.60
10/01/2018,15.39,-0.02,-0.13,-0.05,-0.34
09/28/2018,15.41,0.03,0.20,-0.10,-0.66
09/27/2018,15.38,-0.11,-0.71,-0.03,-0.21
09/26/2018,15.49,0.07,0.45,-0.05,-0.29
09/25/2018,15.42,0.04,0.26,-0.02,-0.16
09/24/2018,15.38,-0.38,-2.41,-0.04,-0.24
09/21/2018,15.76,0.32,2.07,-0.11,-0.72
09/20/2018,15.44,0.19,1.25,0.04,0.24
09/19/2018,15.25,0.49,3.32,0.00,-0.00
09/18/2018,14.76,0.11,0.75,0.01,0.07
09/17/2018,14.65,-0.18,-1.21,-0.07,-0.48
09/14/2018,14.83,0.02,0.14,-0.12,-0.80
09/13/2018,14.81,0.33,2.28,0.05,0.36
09/12/2018,14.48,-0.02,-0.14,0.07,0.49
09/11/2018,14.5,-0.23,-1.56,-0.05,-0.33
09/10/2018,14.73,-0.33,-2.19,-0.11,-0.73
09/07/2018,15.06,-0.09,-0.59,-0.14,-0.90
09/06/2018,15.15,-0.19,-1.24,-0.05,-0.34
09/05/2018,15.34,-0.41,-2.60,-0.07,-0.47
09/04/2018,15.75,-0.33,-2.05,-0.16,-1.01
08/31/2018,16.08,0.04,0.25,-0.07,-0.41
08/30/2018,16.04,-0.37,-2.25,-0.15,-0.90
08/29/2018,16.41,0.20,1.23,-0.01,-0.08
08/28/2018,16.21,-0.06,-0.37,-0.09,-0.52
08/27/2018,16.27,0.47,2.97,0.00,-0.01
08/24/2018,15.8,0.09,0.57,-0.01,-0.08
08/23/2018,15.71,-0.29,-1.81,-0.13,-0.79
08/22/2018,16,0.12,0.76,-0.02,-0.11
08/21/2018,15.88,0.23,1.47,-0.03,-0.20
08/20/2018,15.65,0.11,0.71,-0.08,-0.49
08/17/2018,15.54,0.11,0.71,0.06,0.37
08/16/2018,15.43,0.24,1.58,-0.01,-0.08
08/15/2018,15.19,-0.50,-3.19,-0.16,-1.05
08/14/2018,15.69,-0.32,-2.00,-0.03,-0.18
08/13/2018,16.01,-0.21,-1.29,-0.07,-0.41
08/10/2018,16.22,-0.16,-0.98,-0.07,-0.44
08/09/2018,16.38,0.24,1.49,-0.04,-0.25
08/08/2018,16.14,-0.21,-1.28,-0.08,-0.46
08/07/2018,16.35,0.28,1.74,0.05,0.32
08/06/2018,16.07,-0.16,-0.99,-0.03,-0.20
08/03/2018,16.23,-0.26,-1.58,0.03,0.17
08/02/2018,16.49,-0.28,-1.67,0.01,0.05
08/01/2018,16.77,-0.10,-0.59,-0.08,-0.46
07/31/2018,16.87,0.05,0.30,0.04,0.24
07/30/2018,16.82,-0.18,-1.06,0.02,0.10
07/27/2018,17,-0.03,-0.18,-0.08,-0.46
07/26/2018,17.03,-0.38,-2.18,-0.08,-0.46
07/25/2018,17.41,0.27,1.58,0.02,0.10
07/24/2018,17.14,0.22,1.30,-0.03,-0.18
07/23/2018,16.92,-0.14,-0.82,-0.09,-0.50
07/20/2018,17.06,0.00,0.00,-0.06,-0.33
07/19/2018,17.06,-0.41,-2.35,-0.12,-0.71
07/18/2018,17.47,0.07,0.40,-0.04,-0.24
07/17/2018,17.4,-0.02,-0.11,-0.02,-0.11
07/16/2018,17.42,-0.19,-1.08,-0.14,-0.79
07/13/2018,17.61,0.10,0.57,-0.07,-0.37
07/12/2018,17.51,0.23,1.33,-0.03,-0.16
07/11/2018,17.28,-0.24,-1.37,-0.10,-0.60
07/10/2018,17.52,-0.25,-1.41,-0.07,-0.42
07/09/2018,17.77,0.33,1.89,0.00,0.01
07/06/2018,17.44,0.33,1.93,-0.02,-0.12
07/05/2018,17.11,-0.26,-1.50,-0.11,-0.61
07/03/2018,17.37,-0.18,-1.03,-0.19,-1.09
07/02/2018,17.55,-0.26,-1.46,-0.31,-1.72
06/29/2018,17.81,0.18,1.02,-0.14,-0.77
06/28/2018,17.63,0.10,0.57,-0.11,-0.60
06/27/2018,17.53,-0.50,-2.77,-0.11,-0.61
06/26/2018,18.03,-0.07,-0.39,-0.10,-0.54
06/25/2018,18.1,-0.59,-3.16,-0.10,-0.57
06/22/2018,18.69,0.20,1.08,-0.08,-0.44
06/21/2018,18.49,-0.39,-2.07,-0.23,-1.24
06/20/2018,18.88,0.10,0.53,-0.06,-0.30
06/19/2018,18.78,-0.44,-2.29,0.00,-0.02
06/18/2018,19.22,-0.07,-0.36,-0.11,-0.55
06/15/2018,19.29,-0.17,-0.87,0.02,0.12
06/14/2018,19.46,-0.10,-0.51,0.03,0.17
06/13/2018,19.56,-0.35,-1.76,0.00,-0.01
06/12/2018,19.91,0.24,1.22,0.03,0.16
06/11/2018,19.67,-0.06,-0.30,0.03,0.14
06/08/2018,19.73,0.05,0.25,0.11,0.54
06/07/2018,19.68,-0.14,-0.71,-0.04,-0.18
06/06/2018,19.82,0.56,2.91,0.14,0.73
06/05/2018,19.26,0.00,0.00,-0.18,-0.93
06/04/2018,19.26,0.00,0.00,-0.11,-0.55
06/01/2018,19.26,0.29,1.53,0.14,0.75
05/31/2018,18.97,0.00,0.00,-0.09,-0.45
05/30/2018,18.97,0.09,0.48,0.16,0.86
05/29/2018,18.88,-0.18,-0.94,-0.06,-0.29
05/25/2018,19.06,-0.01,-0.05,0.06,0.33
05/24/2018,19.07,-0.05,-0.26,0.05,0.25
05/23/2018,19.12,0.10,0.53,0.10,0.55
05/22/2018,19.02,0.00,0.00,0.06,0.29
05/21/2018,19.02,0.31,1.66,0.06,0.33
05/18/2018,18.71,-0.07,-0.37,-0.01,-0.04
05/17/2018,18.78,-0.18,-0.95,0.01,0.04
05/16/2018,18.96,0.21,1.12,0.06,0.32
05/15/2018,18.75,-0.31,-1.63,-0.06,-0.33
05/14/2018,19.06,0.13,0.69,0.05,0.25
05/11/2018,18.93,0.05,0.26,0.09,0.49
05/10/2018,18.88,0.16,0.85,0.13,0.67
05/09/2018,18.72,0.01,0.05,0.07,0.40
05/08/2018,18.71,0.15,0.81,0.07,0.37
05/07/2018,18.56,0.19,1.03,0.06,0.31
05/04/2018,18.37,0.16,0.88,0.13,0.70
05/03/2018,18.21,-0.02,-0.11,0.00,-0.03
05/02/2018,18.23,0.00,0.00,-0.07,-0.36
05/01/2018,18.23,0.04,0.22,-0.20,-1.08
04/30/2018,18.19,-0.01,-0.05,-0.16,-0.87
04/27/2018,18.2,0.01,0.05,0.02,0.09
04/26/2018,18.19,0.13,0.72,0.08,0.46
04/25/2018,18.06,-0.23,-1.26,-0.08,-0.45
04/24/2018,18.29,0.14,0.77,-0.12,-0.64
04/23/2018,18.15,-0.10,-0.55,-0.04,-0.22
04/20/2018,18.25,-0.21,-1.14,-0.11,-0.62
04/19/2018,18.46,0.06,0.33,-0.13,-0.68
04/18/2018,18.4,-0.25,-1.34,-0.03,-0.16
04/17/2018,18.65,0.01,0.05,0.12,0.66
04/16/2018,18.64,-0.13,-0.69,0.00,0.01
04/13/2018,18.77,-0.28,-1.47,-0.04,-0.23
04/12/2018,19.05,0.10,0.53,0.05,0.28
04/11/2018,18.95,-0.06,-0.32,0.00,-0.02
04/10/2018,19.01,0.47,2.54,-0.01,-0.08
04/09/2018,18.54,0.24,1.31,-0.10,-0.52
04/06/2018,18.3,-0.28,-1.51,-0.07,-0.36
04/05/2018,18.58,0.16,0.87,0.25,1.38
04/04/2018,18.42,-0.04,-0.22,0.15,0.83
04/03/2018,18.46,0.16,0.87,-0.03,-0.18
04/02/2018,18.3,-0.39,-2.09,-0.03,-0.15
03/29/2018,18.69,0.34,1.85,0.18,1.00
03/28/2018,18.35,-0.28,-1.50,0.08,0.44
03/27/2018,18.63,-0.31,-1.64,-0.09,-0.48
03/26/2018,18.94,0.54,2.93,0.13,0.70
03/23/2018,18.4,-0.45,-2.39,-0.20,-1.05
03/22/2018,18.85,-0.73,-3.73,-0.24,-1.26
03/21/2018,19.58,-0.08,-0.41,0.11,0.57
03/20/2018,19.66,0.30,1.55,0.07,0.38
03/19/2018,19.36,-0.14,-0.72,-0.05,-0.26
03/16/2018,19.5,-0.04,-0.20,0.02,0.12
03/15/2018,19.54,0.05,0.26,0.03,0.16
03/14/2018,19.49,0.03,0.15,0.00,0.01
03/13/2018,19.46,-0.48,-2.41,-0.13,-0.64
03/12/2018,19.94,0.15,0.76,0.07,0.36
03/09/2018,19.79,0.49,2.54,0.24,1.22
03/08/2018,19.3,0.27,1.42,0.03,0.14
03/07/2018,19.03,0.04,0.21,0.09,0.49
03/06/2018,18.99,0.12,0.64,0.00,-0.01
03/05/2018,18.87,-0.06,-0.32,0.15,0.81
03/02/2018,18.93,-0.15,-0.79,-0.10,-0.53
03/01/2018,19.08,-0.28,-1.45,-0.19,-1.01
02/28/2018,19.36,-0.09,-0.46,-0.07,-0.37
02/27/2018,19.45,-0.44,-2.21,-0.02,-0.12
02/26/2018,19.89,0.14,0.71,0.16,0.84
02/23/2018,19.75,0.27,1.39,0.09,0.48
02/22/2018,19.48,0.16,0.83,0.08,0.43
02/21/2018,19.32,0.10,0.52,-0.01,-0.04
02/20/2018,19.22,0.00,0.00,0.07,0.36
02/16/2018,19.22,0.01,0.05,0.26,1.37
02/15/2018,19.21,0.27,1.43,0.21,1.12
02/14/2018,18.94,0.50,2.71,0.17,0.88
02/13/2018,18.44,0.31,1.71,0.05,0.25
02/12/2018,18.13,0.43,2.43,0.06,0.34
02/09/2018,17.7,-0.02,-0.11,-0.10,-0.58
02/08/2018,17.72,-0.59,-3.22,-0.44,-2.44
02/07/2018,18.31,-0.48,-2.55,0.01,0.03
02/06/2018,18.79,0.28,1.51,0.33,1.80
02/05/2018,18.51,-0.36,-1.91,-0.48,-2.54
02/02/2018,18.87,-0.41,-2.13,-0.35,-1.82
02/01/2018,19.28,-0.43,-2.18,-0.12,-0.61
01/31/2018,19.71,0.24,1.23,0.01,0.04
01/30/2018,19.47,-0.07,-0.36,-0.02,-0.09
01/29/2018,19.54,-0.34,-1.71,-0.02,-0.10
01/26/2018,19.88,0.37,1.90,0.18,0.92
01/25/2018,19.51,0.08,0.41,0.06,0.33
01/24/2018,19.43,0.01,0.05,0.09,0.45
01/23/2018,19.42,-0.07,-0.36,0.05,0.28
01/22/2018,19.49,0.11,0.57,0.12,0.62
01/19/2018,19.38,0.16,0.83,0.11,0.56
01/18/2018,19.22,-0.12,-0.62,0.05,0.24
01/17/2018,19.34,0.23,1.20,0.14,0.75
01/16/2018,19.11,-0.30,-1.55,-0.01,-0.05
01/12/2018,19.41,0.15,0.78,0.21,1.09
01/11/2018,19.26,0.01,0.05,0.15,0.80
01/10/2018,19.25,-0.07,-0.36,0.05,0.26
01/09/2018,19.32,0.05,0.26,0.09,0.49
01/08/2018,19.27,0.11,0.57,0.10,0.54
01/05/2018,19.16,0.09,0.47,0.12,0.63
01/04/2018,19.07,-0.20,-1.04,0.14,0.72
01/03/2018,19.27,0.20,1.05,0.18,0.97
01/02/2018,19.07,0.40,2.14,0.19,1.02
12/29/2017,18.67,0.14,0.76,0.06,0.31
12/28/2017,18.53,-0.06,-0.32,0.02,0.11
12/27/2017,18.59,0.00,0.00,0.00,-0.01
12/26/2017,18.59,0.01,0.05,0.10,0.54
12/22/2017,18.58,0.21,1.14,0.08,0.44
12/21/2017,18.37,0.24,1.32,0.08,0.46
12/20/2017,18.13,0.11,0.61,-0.03,-0.18
12/19/2017,18.02,0.00,0.00,-0.04,-0.24
12/18/2017,18.02,0.15,0.84,0.09,0.52
12/15/2017,17.87,0.02,0.11,0.11,0.61
12/14/2017,17.85,-0.07,-0.39,0.00,0.01
12/13/2017,17.92,0.25,1.41,0.12,0.67
12/12/2017,17.67,-0.18,-1.01,0.05,0.31
12/11/2017,17.85,0.26,1.48,0.04,0.22
12/08/2017,17.59,0.33,1.91,0.05,0.31
12/07/2017,17.26,0.17,0.99,0.02,0.12
12/06/2017,17.09,-0.24,-1.38,-0.03,-0.17
12/05/2017,17.33,-0.19,-1.08,-0.06,-0.32
12/04/2017,17.52,-0.02,-0.11,0.01,0.06
12/01/2017,17.54,0.03,0.17,0.05,0.29
11/30/2017,17.51,-0.19,-1.07,0.09,0.54
11/29/2017,17.7,-0.39,-2.16,0.02,0.12
11/28/2017,18.09,0.15,0.84,0.18,1.02
11/27/2017,17.94,-0.24,-1.32,0.12,0.66
11/24/2017,18.18,-0.13,-0.71,0.21,1.18
11/22/2017,18.31,-0.02,-0.11,0.17,0.91
11/21/2017,18.33,0.12,0.66,0.23,1.26
11/20/2017,18.21,0.21,1.17,0.24,1.36
11/17/2017,18,-0.08,-0.44,0.07,0.39
11/16/2017,18.08,0.29,1.63,0.21,1.16
11/15/2017,17.79,-0.10,-0.56,0.08,0.45
11/14/2017,17.89,-0.08,-0.45,0.08,0.45
11/13/2017,17.97,0.07,0.39,0.12,0.66
11/10/2017,17.9,-0.01,-0.06,0.07,0.39
11/09/2017,17.91,-0.05,-0.28,-0.02,-0.13
11/08/2017,17.96,0.18,1.01,0.08,0.43
11/07/2017,17.78,0.09,0.51,-0.01,-0.04
11/06/2017,17.69,0.24,1.38,0.11,0.60
11/03/2017,17.45,-0.12,-0.68,0.02,0.14
11/02/2017,17.57,0.01,0.06,0.12,0.71
11/01/2017,17.56,0.12,0.69,-0.03,-0.19
10/31/2017,17.44,0.38,2.23,0.01,0.08
10/30/2017,17.06,-0.25,-1.44,-0.09,-0.51
10/27/2017,17.31,-0.06,-0.35,0.08,0.45
10/26/2017,17.37,-0.06,-0.34,0.02,0.11
10/25/2017,17.43,-0.06,-0.34,-0.02,-0.10
10/24/2017,17.49,-0.12,-0.68,0.07,0.41
10/23/2017,17.61,-0.09,-0.51,-0.02,-0.11
10/20/2017,17.7,0.26,1.49,0.01,0.07
10/19/2017,17.44,-0.41,-2.30,0.08,0.44
10/18/2017,17.85,0.02,0.11,0.05,0.27
10/17/2017,17.83,-0.12,-0.67,0.02,0.14
10/16/2017,17.95,0.07,0.39,0.08,0.42
10/13/2017,17.88,0.04,0.22,0.07,0.39
10/12/2017,17.84,-0.13,-0.72,0.04,0.20
10/11/2017,17.97,-0.17,-0.94,0.09,0.51
10/10/2017,18.14,0.14,0.78,0.11,0.62
10/09/2017,18,-0.02,-0.11,0.07,0.39
10/06/2017,18.02,0.05,0.28,0.12,0.70
10/05/2017,17.97,0.23,1.30,0.28,1.57
10/04/2017,17.74,0.02,0.11,0.05,0.29
10/03/2017,17.72,0.40,2.31,0.14,0.78
10/02/2017,17.32,0.14,0.81,0.21,1.25
09/29/2017,17.18,0.22,1.30,0.10,0.57
09/28/2017,16.96,-0.07,-0.41,0.03,0.16
09/27/2017,17.03,0.25,1.49,-0.03,-0.18
09/26/2017,16.78,0.14,0.84,0.02,0.11
09/25/2017,16.64,-0.60,-3.48,-0.04,-0.23
09/22/2017,17.24,-0.19,-1.09,0.03,0.15
09/21/2017,17.43,0.01,0.06,0.01,0.06
09/20/2017,17.42,0.16,0.93,0.02,0.12
09/19/2017,17.26,0.04,0.23,0.11,0.65
09/18/2017,17.22,0.31,1.83,0.08,0.44
09/15/2017,16.91,0.07,0.42,0.10,0.59
09/14/2017,16.84,-0.06,-0.36,0.03,0.20
09/13/2017,16.9,0.22,1.32,0.05,0.31
09/12/2017,16.68,0.14,0.85,0.04,0.25
09/11/2017,16.54,0.23,1.41,0.10,0.64
09/08/2017,16.31,-0.04,-0.24,0.08,0.50
09/07/2017,16.35,0.18,1.11,0.11,0.70
09/06/2017,16.17,0.15,0.94,0.11,0.66
09/05/2017,16.02,-0.13,-0.80,-0.02,-0.13
09/01/2017,16.15,0.18,1.13,0.03,0.19
08/31/2017,15.97,0.06,0.38,0.02,0.12
08/30/2017,15.91,0.10,0.63,0.00,-0.03
08/29/2017,15.81,0.08,0.51,0.07,0.46
08/28/2017,15.73,-0.18,-1.13,0.02,0.12
08/25/2017,15.91,-0.07,-0.44,0.05,0.33
08/24/2017,15.98,0.04,0.25,0.03,0.20
08/23/2017,15.94,0.06,0.38,0.11,0.72
08/22/2017,15.88,0.18,1.15,0.09,0.56
08/21/2017,15.7,0.04,0.26,0.06,0.39
08/18/2017,15.66,0.00,0.00,0.07,0.43
08/17/2017,15.66,-0.11,-0.70,-0.04,-0.24
08/16/2017,15.77,0.25,1.61,0.09,0.54
08/15/2017,15.52,-0.01,-0.06,-0.01,-0.08
08/14/2017,15.53,0.21,1.37,0.01,0.03
08/11/2017,15.32,-0.05,-0.33,0.00,0.01
08/10/2017,15.37,-0.35,-2.23,-0.17,-1.09
08/09/2017,15.72,-0.01,-0.06,0.02,0.14
08/08/2017,15.73,0.16,1.03,0.01,0.09
08/07/2017,15.57,0.14,0.91,-0.02,-0.13
08/04/2017,15.43,0.21,1.38,0.00,-0.02
08/03/2017,15.22,-0.01,-0.07,0.00,0.01
08/02/2017,15.23,-0.13,-0.85,-0.05,-0.30
08/01/2017,15.36,-0.09,-0.58,0.00,-0.01
07/31/2017,15.45,-0.07,-0.45,0.00,-0.02
07/28/2017,15.52,0.07,0.45,0.06,0.38
07/27/2017,15.45,-0.11,-0.71,-0.04,-0.28
07/26/2017,15.56,0.04,0.26,0.06,0.36
07/25/2017,15.52,-0.03,-0.19,0.05,0.32
07/24/2017,15.55,0.16,1.04,0.02,0.14
07/21/2017,15.39,-0.02,-0.13,0.04,0.27
07/20/2017,15.41,-0.13,-0.84,0.05,0.31
07/19/2017,15.54,0.15,0.97,0.09,0.58
07/18/2017,15.39,0.08,0.52,0.04,0.29
07/17/2017,15.31,-0.15,-0.97,0.03,0.18
07/14/2017,15.46,0.14,0.91,0.16,1.01
07/13/2017,15.32,0.05,0.33,0.11,0.74
07/12/2017,15.27,0.13,0.86,0.21,1.38
07/11/2017,15.14,0.23,1.54,0.13,0.84
07/10/2017,14.91,0.07,0.47,0.09,0.61
07/07/2017,14.84,0.11,0.75,0.03,0.19
07/06/2017,14.73,0.00,0.00,-0.09,-0.62
07/05/2017,14.73,-0.03,-0.20,0.00,0.00
07/03/2017,14.76,0.13,0.89,0.02,0.11
06/30/2017,14.63,-0.12,-0.81,-0.07,-0.45
06/29/2017,14.75,-0.15,-1.01,-0.04,-0.24
06/28/2017,14.9,0.13,0.88,0.13,0.90
06/27/2017,14.77,-0.13,-0.87,0.02,0.11
06/26/2017,14.9,0.10,0.68,0.08,0.51
06/23/2017,14.8,-0.02,-0.13,0.03,0.21
06/22/2017,14.82,0.03,0.20,0.05,0.35
06/21/2017,14.79,0.11,0.75,0.01,0.08
06/20/2017,14.68,-0.11,-0.74,-0.01,-0.05
06/19/2017,14.79,0.22,1.51,0.03,0.21
06/16/2017,14.57,0.02,0.14,0.03,0.23
06/15/2017,14.55,-0.05,-0.34,0.02,0.11
06/14/2017,14.6,-0.13,-0.88,-0.09,-0.63
06/13/2017,14.73,0.09,0.61,-0.06,-0.38
06/12/2017,14.64,-0.02,-0.14,-0.04,-0.27
06/09/2017,14.66,-0.18,-1.21,-0.08,-0.55
06/08/2017,14.84,0.22,1.50,-0.05,-0.33
06/07/2017,14.62,0.13,0.90,-0.04,-0.28
06/06/2017,14.49,-0.01,-0.07,-0.03,-0.17
06/05/2017,14.5,-0.01,-0.07,-0.05,-0.33
06/02/2017,14.51,0.10,0.69,0.01,0.09
06/01/2017,14.41,0.18,1.26,0.04,0.24
05/31/2017,14.23,0.14,0.99,-0.03,-0.23
05/30/2017,14.09,0.03,0.21,-0.07,-0.48
05/26/2017,14.06,0.01,0.07,-0.06,-0.40
05/25/2017,14.05,0.14,1.01,-0.06,-0.42
05/24/2017,13.91,-0.01,-0.07,-0.08,-0.57
05/23/2017,13.92,-0.08,-0.57,-0.07,-0.52
05/22/2017,14,0.12,0.86,-0.07,-0.47
05/19/2017,13.88,0.16,1.17,-0.02,-0.17
05/18/2017,13.72,0.00,0.00,-0.06,-0.42
05/17/2017,13.72,-0.18,-1.29,-0.14,-0.98
05/16/2017,13.9,0.09,0.65,-0.07,-0.50
05/15/2017,13.81,-0.02,-0.14,-0.05,-0.39
05/12/2017,13.83,0.15,1.10,-0.01,-0.05
05/11/2017,13.68,-0.13,-0.94,-0.12,-0.85
05/10/2017,13.81,0.01,0.07,0.04,0.27
05/09/2017,13.8,0.23,1.69,0.04,0.31
05/08/2017,13.57,0.07,0.52,-0.01,-0.11
05/05/2017,13.5,-0.02,-0.15,0.04,0.27
05/04/2017,13.52,-0.11,-0.81,-0.04,-0.28
05/03/2017,13.63,-0.05,-0.37,0.00,0.02
05/02/2017,13.68,0.09,0.66,0.04,0.27
05/01/2017,13.59,0.12,0.89,-0.03,-0.25
04/28/2017,13.47,-0.01,-0.07,-0.11,-0.82
04/27/2017,13.48,-0.02,-0.15,-0.13,-0.92
04/26/2017,13.5,-0.02,-0.15,-0.09,-0.69
04/25/2017,13.52,0.15,1.12,-0.10,-0.75
04/24/2017,13.37,0.03,0.22,-0.14,-1.01
04/21/2017,13.34,-0.01,-0.07,-0.17,-1.24
04/20/2017,13.35,0.17,1.29,-0.13,-0.94
04/19/2017,13.18,0.00,0.00,-0.17,-1.25
04/18/2017,13.18,-0.09,-0.68,-0.16,-1.19
04/17/2017,13.27,0.08,0.61,-0.07,-0.53
04/13/2017,13.19,-0.03,-0.23,-0.11,-0.86
04/12/2017,13.22,0.06,0.46,-0.10,-0.73
04/11/2017,13.16,-0.09,-0.68,-0.06,-0.48
04/10/2017,13.25,-0.07,-0.53,-0.07,-0.51
04/07/2017,13.32,-0.01,-0.08,-0.07,-0.55
04/06/2017,13.33,-0.09,-0.67,-0.09,-0.65
04/05/2017,13.42,-0.01,-0.07,-0.04,-0.32
04/04/2017,13.43,0.00,0.00,0.08,0.63
04/03/2017,13.43,0.12,0.90,0.05,0.40
03/31/2017,13.31,-0.09,-0.67,0.08,0.64
03/30/2017,13.4,-0.02,-0.15,0.12,0.88
03/29/2017,13.42,-0.05,-0.37,0.10,0.75
03/28/2017,13.47,0.03,0.22,0.10,0.76
03/27/2017,13.44,0.03,0.22,0.20,1.52
03/24/2017,13.41,0.01,0.07,0.10,0.75
03/23/2017,13.4,0.08,0.60,0.13,0.98
03/22/2017,13.32,0.09,0.68,0.14,1.03
03/21/2017,13.23,-0.24,-1.78,-0.02,-0.16
03/20/2017,13.47,0.11,0.82,0.15,1.11
03/17/2017,13.36,-0.12,-0.89,0.07,0.52
03/16/2017,13.48,0.11,0.82,0.06,0.48
03/15/2017,13.37,0.23,1.75,0.14,1.08
03/14/2017,13.14,-0.02,-0.15,-0.05,-0.39
03/13/2017,13.16,0.15,1.15,0.01,0.10
03/10/2017,13.01,0.13,1.01,0.03,0.26
03/09/2017,12.88,-0.12,-0.92,0.00,-0.03
03/08/2017,13,0.10,0.78,-0.04,-0.28
03/07/2017,12.9,0.04,0.31,0.00,-0.03
03/06/2017,12.86,-0.05,-0.39,0.00,0.02
03/03/2017,12.91,0.04,0.31,0.06,0.49
03/02/2017,12.87,-0.18,-1.38,-0.04,-0.29
03/01/2017,13.05,0.28,2.19,0.13,1.02
02/28/2017,12.77,-0.04,-0.31,-0.03,-0.24
02/27/2017,12.81,0.04,0.31,-0.05,-0.36
02/24/2017,12.77,-0.16,-1.24,-0.04,-0.34
02/23/2017,12.93,-0.01,-0.08,0.00,-0.02
02/22/2017,12.94,0.06,0.47,-0.05,-0.37
02/21/2017,12.88,0.22,1.74,0.01,0.08
02/17/2017,12.66,-0.02,-0.16,-0.03,-0.26
02/16/2017,12.68,-0.13,-1.01,-0.04,-0.33
02/15/2017,12.81,0.01,0.08,0.01,0.12
02/14/2017,12.8,0.07,0.55,0.01,0.05
02/13/2017,12.73,0.10,0.79,-0.02,-0.16
02/10/2017,12.63,0.07,0.56,0.01,0.11
02/09/2017,12.56,0.11,0.88,0.01,0.11
02/08/2017,12.45,0.14,1.14,-0.03,-0.22
02/07/2017,12.31,0.00,0.00,-0.03,-0.26
02/06/2017,12.31,0.13,1.07,-0.02,-0.15
02/03/2017,12.18,0.09,0.74,0.04,0.32
02/02/2017,12.09,-0.01,-0.08,0.04,0.36
02/01/2017,12.1,-0.05,-0.41,0.00,0.01
01/31/2017,12.15,0.01,0.08,-0.02,-0.18
01/30/2017,12.14,-0.02,-0.16,-0.04,-0.32
01/27/2017,12.16,-0.02,-0.16,-0.03,-0.22
01/26/2017,12.18,0.00,0.00,-0.04,-0.30
01/25/2017,12.18,0.11,0.91,0.05,0.43
01/24/2017,12.07,0.02,0.17,0.06,0.49
01/23/2017,12.05,0.06,0.50,0.05,0.41
01/20/2017,11.99,-0.08,-0.66,0.02,0.21
01/19/2017,12.07,0.14,1.17,0.03,0.28
01/18/2017,11.93,0.07,0.59,-0.06,-0.50
01/17/2017,11.86,0.05,0.42,-0.03,-0.26
01/13/2017,11.81,0.05,0.43,-0.05,-0.43
01/12/2017,11.76,-0.10,-0.84,-0.03,-0.25
01/11/2017,11.86,0.00,0.00,-0.01,-0.09
01/10/2017,11.86,0.31,2.68,0.00,0.03
01/09/2017,11.55,0.07,0.61,-0.05,-0.40
01/06/2017,11.48,-0.13,-1.12,-0.05,-0.45
01/05/2017,11.61,0.16,1.40,0.01,0.12
01/04/2017,11.45,0.13,1.15,0.00,-0.04
01/03/2017,11.32,0.14,1.25,-0.10,-0.84
12/30/2016,11.18,0.02,0.18,-0.15,-1.30
12/29/2016,11.16,0.07,0.63,-0.06,-0.55
12/28/2016,11.09,-0.12,-1.07,-0.12,-1.05
12/27/2016,11.21,0.00,0.00,-0.10,-0.88
12/23/2016,11.21,-0.02,-0.18,-0.08,-0.71
12/22/2016,11.23,-0.13,-1.14,-0.12,-1.10
12/21/2016,11.36,0.02,0.18,-0.10,-0.91
12/20/2016,11.34,-0.04,-0.35,-0.08,-0.67
12/19/2016,11.38,-0.05,-0.44,-0.10,-0.84
12/16/2016,11.43,-0.10,-0.87,-0.14,-1.19
12/15/2016,11.53,-0.12,-1.03,-0.06,-0.56
12/14/2016,11.65,-0.20,-1.69,-0.18,-1.54
12/13/2016,11.85,0.17,1.46,-0.02,-0.20
12/12/2016,11.68,-0.32,-2.67,-0.10,-0.82
12/09/2016,12,-0.15,-1.23,-0.03,-0.23
12/08/2016,12.15,-0.01,-0.08,-0.03,-0.24
12/07/2016,12.16,0.16,1.33,0.00,0.03
12/06/2016,12,0.09,0.76,-0.05,-0.39
12/05/2016,11.91,0.03,0.25,-0.03,-0.26
12/02/2016,11.88,-0.10,-0.83,-0.05,-0.40
12/01/2016,11.98,-0.18,-1.48,-0.13,-1.05
11/30/2016,12.16,0.08,0.66,-0.05,-0.39
11/29/2016,12.08,0.10,0.83,-0.09,-0.73
11/28/2016,11.98,0.03,0.25,-0.15,-1.24
11/25/2016,11.95,0.18,1.53,-0.09,-0.76
11/23/2016,11.77,-0.09,-0.76,-0.12,-0.99
11/22/2016,11.86,0.01,0.08,-0.06,-0.52
11/21/2016,11.85,0.03,0.25,-0.07,-0.61
11/18/2016,11.82,0.11,0.94,-0.07,-0.60
11/17/2016,11.71,0.09,0.77,-0.09,-0.73
11/16/2016,11.62,-0.06,-0.51,-0.12,-1.05
11/15/2016,11.68,0.19,1.65,-0.02,-0.14
11/14/2016,11.49,-0.15,-1.29,-0.15,-1.28
11/11/2016,11.64,-0.04,-0.34,-0.16,-1.32
11/10/2016,11.68,-0.19,-1.60,-0.23,-1.96
11/09/2016,11.87,-0.24,-1.98,0.01,0.09
11/08/2016,12.11,0.09,0.75,0.02,0.17
11/07/2016,12.02,0.37,3.18,0.03,0.26
11/04/2016,11.65,-0.12,-1.02,-0.15,-1.23
11/03/2016,11.77,-0.07,-0.59,-0.08,-0.71
11/02/2016,11.84,-0.09,-0.75,-0.09,-0.72
11/01/2016,11.93,0.00,0.00,-0.15,-1.21
10/31/2016,11.93,-0.07,-0.58,-0.05,-0.39
10/28/2016,12,-0.07,-0.58,-0.09,-0.75
10/27/2016,12.07,-0.14,-1.15,-0.07,-0.61
10/26/2016,12.21,-0.15,-1.21,-0.09,-0.71
10/25/2016,12.36,-0.03,-0.24,-0.10,-0.80
10/24/2016,12.39,0.08,0.65,-0.10,-0.78
10/21/2016,12.31,-0.01,-0.08,-0.06,-0.47
10/20/2016,12.32,-0.08,-0.65,-0.05,-0.40
10/19/2016,12.4,0.11,0.90,0.00,-0.00
10/18/2016,12.29,0.19,1.57,-0.06,-0.52
10/17/2016,12.1,-0.11,-0.90,-0.05,-0.42
10/14/2016,12.21,0.05,0.41,-0.01,-0.11
10/13/2016,12.16,-0.18,-1.46,-0.02,-0.18
10/12/2016,12.34,0.01,0.08,-0.02,-0.17
10/11/2016,12.33,-0.23,-1.83,-0.10,-0.78
10/10/2016,12.56,0.16,1.29,0.05,0.38
10/07/2016,12.4,-0.06,-0.48,-0.05,-0.41
10/06/2016,12.46,0.03,0.24,-0.03,-0.22
10/05/2016,12.43,0.15,1.22,0.01,0.08
10/04/2016,12.28,0.05,0.41,-0.12,-0.99
10/03/2016,12.23,0.06,0.49,-0.01,-0.06
09/30/2016,12.17,0.01,0.08,0.07,0.59
09/29/2016,12.16,-0.09,-0.73,-0.10,-0.84
09/28/2016,12.25,0.04,0.33,0.00,-0.04
09/27/2016,12.21,0.21,1.75,-0.05,-0.41
09/26/2016,12,-0.23,-1.88,-0.09,-0.71
09/23/2016,12.23,-0.14,-1.13,-0.07,-0.59
09/22/2016,12.37,0.08,0.65,0.04,0.31
09/21/2016,12.29,0.18,1.49,0.05,0.40
09/20/2016,12.11,-0.01,-0.08,-0.07,-0.59
09/19/2016,12.12,-0.09,-0.74,-0.10,-0.83
09/16/2016,12.21,-0.08,-0.65,0.00,-0.03
09/15/2016,12.29,0.21,1.74,0.05,0.38
09/14/2016,12.08,0.04,0.33,-0.06,-0.47
09/13/2016,12.04,-0.19,-1.55,-0.10,-0.86
09/12/2016,12.23,0.07,0.58,0.09,0.72
09/09/2016,12.16,-0.26,-2.09,-0.23,-1.84
09/08/2016,12.42,0.13,1.06,-0.03,-0.23
09/07/2016,12.29,-0.03,-0.24,-0.05,-0.41
09/06/2016,12.32,0.28,2.33,-0.05,-0.41
09/02/2016,12.04,0.10,0.84,0.05,0.45
09/01/2016,11.94,0.21,1.79,-0.03,-0.25
08/31/2016,11.73,-0.11,-0.93,-0.05,-0.46
08/30/2016,11.84,0.06,0.51,-0.04,-0.36
08/29/2016,11.78,0.03,0.26,-0.01,-0.12
08/26/2016,11.75,0.04,0.34,-0.09,-0.78
08/25/2016,11.71,0.07,0.60,-0.04,-0.33
08/24/2016,11.64,-0.05,-0.43,-0.04,-0.34
08/23/2016,11.69,0.01,0.09,-0.06,-0.50
08/22/2016,11.68,-0.05,-0.43,-0.07,-0.62
08/19/2016,11.73,-0.14,-1.18,-0.02,-0.18
08/18/2016,11.87,-0.11,-0.92,-0.02,-0.18
08/17/2016,11.98,-0.02,-0.17,-0.01,-0.09
08/16/2016,12,-0.06,-0.50,-0.01,-0.12
08/15/2016,12.06,0.15,1.26,0.01,0.12
08/12/2016,11.91,0.10,0.85,-0.05,-0.42
08/11/2016,11.81,0.16,1.37,0.04,0.37
08/10/2016,11.65,0.02,0.17,-0.05,-0.40
08/09/2016,11.63,0.13,1.13,-0.01,-0.12
08/08/2016,11.5,0.05,0.44,-0.04,-0.38
08/05/2016,11.45,0.18,1.60,0.05,0.40
08/04/2016,11.27,0.03,0.27,0.02,0.16
08/03/2016,11.24,-0.05,-0.44,0.02,0.15
08/02/2016,11.29,-0.07,-0.62,-0.13,-1.13
08/01/2016,11.36,0.03,0.26,-0.10,-0.85
07/29/2016,11.33,-0.10,-0.87,0.01,0.06
07/28/2016,11.43,0.06,0.53,-0.06,-0.56
07/27/2016,11.37,-0.07,-0.61,-0.04,-0.33
07/26/2016,11.44,0.26,2.33,0.00,-0.01
07/25/2016,11.18,-0.09,-0.80,-0.06,-0.54
07/22/2016,11.27,-0.02,-0.18,0.00,0.04
07/21/2016,11.29,-0.02,-0.18,-0.04,-0.36
07/20/2016,11.31,0.15,1.34,-0.03,-0.28
07/19/2016,11.16,-0.08,-0.71,-0.06,-0.56
07/18/2016,11.24,0.08,0.72,-0.03,-0.27
07/15/2016,11.16,0.04,0.36,-0.02,-0.16
07/14/2016,11.12,0.05,0.45,0.01,0.05
07/13/2016,11.07,-0.11,-0.98,-0.03,-0.30
07/12/2016,11.18,0.25,2.29,0.05,0.49
07/11/2016,10.93,0.19,1.77,-0.01,-0.05
07/08/2016,10.74,0.16,1.51,0.07,0.63
07/07/2016,10.58,0.01,0.09,-0.12,-1.10
07/06/2016,10.57,-0.10,-0.94,-0.01,-0.07
07/05/2016,10.67,-0.20,-1.84,-0.07,-0.70
07/01/2016,10.87,0.05,0.46,0.07,0.64
06/30/2016,10.82,0.19,1.79,0.03,0.30
06/29/2016,10.63,0.16,1.53,0.04,0.38
06/28/2016,10.47,0.29,2.85,0.00,0.01
06/27/2016,10.18,-0.14,-1.36,-0.17,-1.67
06/24/2016,10.32,-0.51,-4.71,-0.14,-1.30
06/23/2016,10.83,0.17,1.59,0.09,0.87
06/22/2016,10.66,0.01,0.09,-0.07,-0.61
06/21/2016,10.65,0.08,0.76,-0.01,-0.07
06/20/2016,10.57,10.57,0.00,-0.01,-0.14
06/17/2016,0,-10.51,-100.00,0.00,0.00
06/16/2016,10.51,-0.05,-0.47,0.03,0.25
06/15/2016,10.56,0.11,1.05,-0.06,-0.61
06/14/2016,10.45,0.02,0.19,-0.06,-0.55
06/13/2016,10.43,-0.27,-2.52,-0.11,-1.02
06/10/2016,10.7,-0.26,-2.37,-0.12,-1.10
06/09/2016,10.96,-0.04,-0.36,-0.04,-0.37
06/08/2016,11,-0.07,-0.63,-0.01,-0.05
06/07/2016,11.07,0.07,0.64,-0.03,-0.31
06/06/2016,11,0.12,1.10,0.01,0.12
06/03/2016,10.88,-0.03,-0.27,-0.03,-0.30
06/02/2016,10.91,0.09,0.83,0.01,0.09
06/01/2016,10.82,-0.14,-1.28,-0.02,-0.22
05/31/2016,10.96,0.15,1.39,0.01,0.06
05/27/2016,10.81,0.04,0.37,0.00,-0.04
05/26/2016,10.77,0.00,0.00,0.00,-0.03
05/25/2016,10.77,0.01,0.09,0.03,0.26
05/24/2016,10.76,0.25,2.38,0.08,0.79
05/23/2016,10.51,-0.17,-1.59,-0.05,-0.51
05/20/2016,10.68,0.03,0.28,0.05,0.46
05/19/2016,10.65,-0.11,-1.02,0.02,0.21
05/18/2016,10.76,-0.12,-1.10,0.01,0.12
05/17/2016,10.88,-0.06,-0.55,-0.05,-0.44
05/16/2016,10.94,0.26,2.43,0.06,0.60
05/13/2016,10.68,-0.13,-1.20,-0.02,-0.22
05/12/2016,10.81,-0.01,-0.09,0.04,0.33
05/11/2016,10.82,-0.15,-1.37,0.01,0.05
05/10/2016,10.97,0.14,1.29,0.09,0.86
05/09/2016,10.83,-0.15,-1.37,-0.01,-0.12
05/06/2016,10.98,-0.14,-1.26,0.06,0.52
05/05/2016,11.12,0.00,0.00,-0.03,-0.23
05/04/2016,11.12,-0.08,-0.71,-0.08,-0.68
05/03/2016,11.2,-0.19,-1.67,-0.05,-0.46
05/02/2016,11.39,-0.02,-0.18,0.01,0.07
04/29/2016,11.41,-0.10,-0.87,0.03,0.27
04/28/2016,11.51,-0.09,-0.78,0.01,0.05
04/27/2016,11.6,-0.01,-0.09,0.10,0.90
04/26/2016,11.61,-0.04,-0.34,0.05,0.47
04/25/2016,11.65,-0.08,-0.68,0.04,0.37
04/22/2016,11.73,-0.04,-0.34,0.02,0.16
04/21/2016,11.77,-0.03,-0.25,-0.04,-0.36
04/20/2016,11.8,-0.07,-0.59,0.10,0.86
04/19/2016,11.87,0.14,1.19,0.08,0.68
04/18/2016,11.73,0.02,0.17,0.08,0.70
04/15/2016,11.71,-0.08,-0.68,-0.03,-0.25
04/14/2016,11.79,-0.03,-0.25,0.06,0.49
04/13/2016,11.82,0.38,3.32,0.08,0.66
04/12/2016,11.44,0.18,1.60,0.07,0.62
04/11/2016,11.26,0.16,1.44,-0.01,-0.10
04/08/2016,11.1,0.13,1.19,-0.04,-0.32
04/07/2016,10.97,-0.15,-1.35,-0.09,-0.84
04/06/2016,11.12,0.15,1.37,0.06,0.55
04/05/2016,10.97,-0.10,-0.90,-0.06,-0.59
04/04/2016,11.07,11.07,0.00,-0.02,-0.18
04/01/2016,0,-11.19,-100.00,0.00,0.00
03/31/2016,11.19,11.19,0.00,0.00,0.04
03/30/2016,0,-11.11,-100.00,0.00,0.00
03/29/2016,11.11,0.19,1.74,0.16,1.42
03/28/2016,10.92,0.02,0.18,0.06,0.59
03/24/2016,10.9,-0.04,-0.37,0.00,0.00
03/23/2016,10.94,-0.16,-1.44,-0.05,-0.44
03/22/2016,11.1,-0.15,-1.33,0.04,0.37
03/21/2016,11.25,0.10,0.90,0.10,0.87
03/18/2016,11.15,0.15,1.36,0.09,0.84
03/17/2016,11,0.09,0.82,0.11,1.02
03/16/2016,10.91,0.13,1.21,0.17,1.61
03/15/2016,10.78,-0.16,-1.46,0.04,0.37
03/14/2016,10.94,0.00,0.00,0.03,0.26
03/11/2016,10.94,0.32,3.01,0.10,0.91
03/10/2016,10.62,-0.09,-0.84,-0.02,-0.19
03/09/2016,10.71,0.00,0.00,0.03,0.31
03/08/2016,10.71,-0.16,-1.47,-0.02,-0.21
03/07/2016,10.87,0.01,0.09,0.06,0.52
03/04/2016,10.86,0.30,2.84,0.10,0.89
03/03/2016,10.56,-0.13,-1.22,-0.01,-0.12
03/02/2016,10.69,0.12,1.14,0.05,0.50
03/01/2016,10.57,0.24,2.32,0.15,1.48
02/29/2016,10.33,-0.02,-0.19,0.06,0.54
02/26/2016,10.35,0.05,0.49,-0.02,-0.22
02/25/2016,10.3,-0.11,-1.06,0.11,1.11
02/24/2016,10.41,-0.02,-0.19,-0.05,-0.53
02/23/2016,10.43,-0.39,-3.60,-0.11,-1.04
02/22/2016,10.82,0.31,2.95,0.04,0.34
02/19/2016,10.51,0.10,0.96,-0.10,-0.94
02/18/2016,10.41,-0.13,-1.23,-0.12,-1.17
02/17/2016,10.54,0.27,2.63,0.13,1.24
02/16/2016,10.27,0.42,4.26,-0.06,-0.60
02/12/2016,9.85,0.27,2.82,0.05,0.46
02/11/2016,9.58,-0.11,-1.14,-0.19,-1.98
02/10/2016,9.69,0.07,0.73,-0.36,-3.61
02/09/2016,9.62,-0.06,-0.62,-0.39,-3.92
02/08/2016,9.68,-0.25,-2.52,-0.36,-3.57
02/05/2016,9.93,-0.26,-2.55,-0.20,-1.98
02/04/2016,10.19,0.03,0.30,-0.11,-1.03
02/03/2016,10.16,0.02,0.20,0.02,0.17
02/02/2016,10.14,-0.17,-1.65,-0.21,-1.99
02/01/2016,10.31,-0.04,-0.39,-0.10,-0.92
01/29/2016,10.35,0.12,1.17,-0.02,-0.19
01/28/2016,10.23,0.00,0.00,-0.03,-0.32
01/27/2016,10.23,-0.18,-1.73,-0.05,-0.48
01/26/2016,10.41,0.10,0.97,0.11,1.05
01/25/2016,10.31,-0.24,-2.27,-0.17,-1.58
01/22/2016,10.55,0.24,2.33,0.07,0.68
01/21/2016,10.31,-0.02,-0.19,0.12,1.21
01/20/2016,10.33,-0.23,-2.18,-0.04,-0.38
01/19/2016,10.56,0.24,2.33,-0.14,-1.28
01/15/2016,10.32,-0.50,-4.62,-0.18,-1.74
01/14/2016,10.82,0.14,1.31,0.01,0.11
01/13/2016,10.68,-0.29,-2.64,-0.15,-1.35
01/12/2016,10.97,0.16,1.48,0.05,0.48
01/11/2016,10.81,-0.06,-0.55,0.00,-0.05
01/08/2016,10.87,-0.24,-2.16,-0.25,-2.24
01/07/2016,11.11,-0.53,-4.55,-0.09,-0.80
01/06/2016,11.64,-0.18,-1.52,-0.11,-0.97
01/05/2016,11.82,0.11,0.94,-0.03,-0.21
01/04/2016,11.71,0.00,0.00,-0.07,-0.58
12/31/15,--,--,--,-0.09,-0.73
12/30/15,--,--,--,-0.02,-0.14
12/29/15,--,--,--,0.00,-0.03
12/28/15,--,--,--,0.01,0.08
12/24/15,--,--,--,0.03,0.21
12/23/15,--,--,--,0.12,0.95
12/22/15,--,--,--,0.07,0.54
12/21/15,--,--,--,0.05,0.39
12/18/15,--,--,--,0.05,0.36
12/17/15,--,--,--,-0.07,-0.54
12/16/15,--,--,--,0.10,0.81
12/15/15,--,--,--,0.12,0.97
12/14/15,--,--,--,0.01,0.10
12/11/15,--,--,--,-0.16,-1.28
12/10/15,--,--,--,-0.02,-0.18
12/9/15,--,--,--,-0.02,-0.12
12/8/15,--,--,--,0.00,0.02
12/7/15,--,--,--,0.02,0.16
12/4/15,--,--,--,0.11,0.86
12/3/15,--,--,--,-0.08,-0.64
12/2/15,--,--,--,-0.06,-0.46
12/1/15,--,--,--,0.08,0.61
11/30/15,--,--,--,0.17,1.31
11/27/15,--,--,--,0.03,0.26
11/25/15,--,--,--,0.04,0.29
11/24/15,--,--,--,0.04,0.34
11/23/15,--,--,--,-0.01,-0.08
11/20/15,--,--,--,0.03,0.24
11/19/15,--,--,--,0.00,0.03
11/18/15,--,--,--,0.08,0.63
11/17/15,--,--,--,0.03,0.23
11/16/15,--,--,--,0.14,1.08
11/13/15,--,--,--,-0.17,-1.30
11/12/15,--,--,--,-0.21,-1.58
11/11/15,--,--,--,-0.01,-0.09
11/10/15,--,--,--,-0.07,-0.51
11/9/15,--,--,--,-0.18,-1.31
11/6/15,--,--,--,-0.08,-0.57
11/5/15,--,--,--,-0.05,-0.34
11/4/15,--,--,--,-0.05,-0.36
11/3/15,--,--,--,0.05,0.33
11/2/15,--,--,--,0.11,0.84
10/30/15,--,--,--,-0.04,-0.28
10/29/15,--,--,--,-0.07,-0.48
10/28/15,--,--,--,-0.07,-0.48
10/27/15,--,--,--,-0.07,-0.54
10/26/15,--,--,--,-0.03,-0.20
10/23/15,--,--,--,0.16,1.23
10/22/15,--,--,--,0.15,1.13
10/21/15,--,--,--,-0.17,-1.28
10/20/15,--,--,--,-0.01,-0.07
10/19/15,--,--,--,-0.05,-0.37
10/16/15,--,--,--,0.05,0.40
10/15/15,--,--,--,0.12,0.89
10/14/15,--,--,--,-0.04,-0.31
10/13/15,--,--,--,-0.16,-1.20
10/12/15,--,--,--,-0.13,-0.99
10/9/15,--,--,--,-0.06,-0.45
10/8/15,--,--,--,0.10,0.75
10/7/15,--,--,--,-0.07,-0.51
10/6/15,--,--,--,-0.03,-0.20
10/5/15,--,--,--,0.11,0.85
10/2/15,--,--,--,0.11,0.86
10/1/15,--,--,--,0.07,0.57
9/30/15,--,--,--,0.00,-0.03
9/29/15,--,--,--,-0.03,-0.23
9/28/15,--,--,--,-0.26,-2.19
9/25/15,--,--,--,-0.11,-0.96
9/24/15,--,--,--,-0.07,-0.62
9/23/15,--,--,--,-0.07,-0.59
9/22/15,--,--,--,-0.18,-1.51
9/21/15,--,--,--,-0.05,-0.39
9/18/15,--,--,--,-0.23,-1.91
9/17/15,--,--,--,0.06,0.52
9/16/15,--,--,--,0.12,1.02
9/15/15,--,--,--,0.05,0.40
9/14/15,--,--,--,-0.09,-0.75
9/11/15,--,--,--,0.02,0.16
9/10/15,--,--,--,-0.05,-0.38
9/9/15,--,--,--,-0.24,-2.01
9/8/15,--,--,--,0.09,0.79
9/4/15,--,--,--,-0.22,-1.97
9/3/15,--,--,--,-0.01,-0.11
9/2/15,--,--,--,-0.07,-0.62
9/1/15,--,--,--,-0.25,-2.17
8/31/15,--,--,--,-0.14,-1.17
8/28/15,--,--,--,-0.03,-0.22
8/27/15,--,--,--,0.14,1.17
8/26/15,--,--,--,0.13,1.12
8/25/15,--,--,--,-0.05,-0.44
8/24/15,--,--,--,-0.27,-2.38
8/21/15,--,--,--,-0.30,-2.51
8/20/15,--,--,--,-0.20,-1.59
8/19/15,--,--,--,-0.18,-1.41
8/18/15,--,--,--,-0.06,-0.50
8/17/15,--,--,--,-0.03,-0.20
8/14/15,--,--,--,-0.03,-0.26
8/13/15,--,--,--,-0.07,-0.54
8/12/15,--,--,--,-0.07,-0.53
8/11/15,--,--,--,-0.10,-0.74
8/10/15,--,--,--,0.04,0.30
8/7/15,--,--,--,-0.13,-0.93
8/6/15,--,--,--,-0.11,-0.84
8/5/15,--,--,--,-0.09,-0.66
8/4/15,--,--,--,-0.07,-0.52
8/3/15,--,--,--,-0.12,-0.90
7/31/15,--,--,--,-0.12,-0.87
7/30/15,--,--,--,-0.05,-0.40
7/29/15,--,--,--,0.03,0.24
7/28/15,--,--,--,0.00,-0.02
7/27/15,--,--,--,-0.21,-1.55
7/24/15,--,--,--,-0.19,-1.37
7/23/15,--,--,--,-0.19,-1.33
7/22/15,--,--,--,-0.14,-1.00
7/21/15,--,--,--,-0.15,-1.05
7/20/15,--,--,--,-0.09,-0.65
7/17/15,--,--,--,-0.07,-0.53
7/16/15,--,--,--,-0.07,-0.48
7/15/15,--,--,--,-0.16,-1.16
7/14/15,--,--,--,-0.07,-0.50
7/13/15,--,--,--,-0.10,-0.72
7/10/15,--,--,--,-0.07,-0.50
7/9/15,--,--,--,-0.16,-1.19
7/8/15,--,--,--,-0.33,-2.57
7/7/15,--,--,--,-0.26,-1.92
7/6/15,--,--,--,-0.09,-0.68
7/2/15,--,--,--,-0.15,-1.00
7/1/15,--,--,--,-0.25,-1.70
6/30/15,--,--,--,-0.16,-1.09
6/29/15,--,--,--,-0.21,-1.46
6/26/15,--,--,--,-0.18,-1.18
6/25/15,--,--,--,-0.16,-1.06
6/24/15,--,--,--,-0.12,-0.76
6/23/15,--,--,--,-0.06,-0.40
6/22/15,--,--,--,-0.09,-0.61
6/19/15,--,--,--,-0.10,-0.64
6/18/15,--,--,--,-0.04,-0.23
6/17/15,--,--,--,-0.11,-0.75
6/16/15,--,--,--,-0.07,-0.46
6/15/15,--,--,--,-0.16,-1.04
6/12/15,--,--,--,-0.07,-0.46
6/11/15,--,--,--,0.01,0.07
6/10/15,--,--,--,0.03,0.17
6/9/15,--,--,--,-0.06,-0.37
6/8/15,--,--,--,-0.08,-0.50
6/5/15,--,--,--,-0.06,-0.36
6/4/15,--,--,--,-0.09,-0.59
6/3/15,--,--,--,-0.01,-0.09
6/2/15,--,--,--,-0.09,-0.55
6/1/15,--,--,--,-0.16,-0.98
5/29/15,--,--,--,-0.16,-0.99
5/28/15,--,--,--,-0.07,-0.45
5/27/15,--,--,--,-0.01,-0.08
5/26/15,--,--,--,-0.03,-0.21
5/22/15,--,--,--,0.13,0.80
5/21/15,--,--,--,-0.02,-0.10
5/20/15,--,--,--,-0.05,-0.32
5/19/15,--,--,--,-0.03,-0.19
5/18/15,--,--,--,-0.06,-0.35
5/15/15,--,--,--,0.00,0.00
5/14/15,--,--,--,-0.03,-0.16
5/13/15,--,--,--,-0.13,-0.83
5/12/15,--,--,--,-0.08,-0.51
5/11/15,--,--,--,-0.15,-0.98
5/8/15,--,--,--,0.02,0.13
5/7/15,--,--,--,-0.04,-0.26
5/6/15,--,--,--,-0.21,-1.36
5/5/15,--,--,--,-0.09,-0.61
5/4/15,--,--,--,0.05,0.34
5/1/15,--,--,--,-0.01,-0.07
4/30/15,--,--,--,-0.13,-0.84
4/29/15,--,--,--,-0.09,-0.56
4/28/15,--,--,--,-0.02,-0.11
4/27/15,--,--,--,-0.02,-0.11
4/24/15,--,--,--,-0.02,-0.11
4/23/15,--,--,--,-0.01,-0.08
4/22/15,--,--,--,0.00,0.03
4/21/15,--,--,--,-0.04,-0.25
4/20/15,--,--,--,0.06,0.41
4/17/15,--,--,--,-0.36,-2.35
4/16/15,--,--,--,0.06,0.40
4/15/15,--,--,--,0.01,0.07
4/14/15,--,--,--,0.03,0.17
4/13/15,--,--,--,-0.13,-0.81
4/10/15,--,--,--,0.18,1.17
4/9/15,--,--,--,0.42,2.70
4/8/15,--,--,--,0.33,2.17
4/7/15,--,--,--,0.23,1.60
4/6/15,--,--,--,0.17,1.16
4/2/15,--,--,--,0.02,0.13
4/1/15,--,--,--,0.02,0.12
3/31/15,--,--,--,-0.02,-0.14
3/30/15,--,--,--,0.10,0.71
3/27/15,--,--,--,0.00,0.00
3/26/15,--,--,--,-0.12,-0.87
3/25/15,--,--,--,-0.15,-1.16
3/24/15,--,--,--,-0.06,-0.48
3/23/15,--,--,--,-0.07,-0.54
3/20/15,--,--,--,0.00,0.04
3/19/15,--,--,--,-0.07,-0.52
3/18/15,--,--,--,0.05,0.39
3/17/15,--,--,--,0.00,0.03
3/16/15,--,--,--,-0.01,-0.08
3/13/15,--,--,--,-0.07,-0.57
3/12/15,--,--,--,-0.05,-0.38
3/11/15,--,--,--,-0.08,-0.62
3/10/15,--,--,--,-0.16,-1.24
3/9/15,--,--,--,-0.08,-0.60
3/6/15,--,--,--,-0.15,-1.16
3/5/15,--,--,--,-0.08,-0.63
3/4/15,--,--,--,-0.10,-0.81
3/3/15,--,--,--,-0.10,-0.76
3/2/15,--,--,--,-0.03,-0.24
2/27/15,--,--,--,-0.02,-0.14
2/26/15,--,--,--,-0.08,-0.58
2/25/15,--,--,--,-0.06,-0.48
2/24/15,--,--,--,-0.01,-0.04
2/23/15,--,--,--,-0.10,-0.77
2/20/15,--,--,--,-0.04,-0.27
2/19/15,--,--,--,-0.10,-0.73
2/18/15,--,--,--,-0.09,-0.70
2/17/15,--,--,--,-0.04,-0.34
2/13/15,--,--,--,-0.05,-0.39
2/12/15,--,--,--,-0.01,-0.09
2/11/15,--,--,--,-0.03,-0.23
2/10/15,--,--,--,-0.06,-0.47
2/9/15,--,--,--,-0.09,-0.72
2/6/15,--,--,--,-0.12,-0.95
2/5/15,--,--,--,-0.01,-0.05
2/4/15,--,--,--,0.09,0.68
2/3/15,--,--,--,0.04,0.33
2/2/15,--,--,--,-0.01,-0.06
1/30/15,--,--,--,-0.18,-1.39
1/29/15,--,--,--,0.00,0.03
1/28/15,--,--,--,-0.24,-1.86
1/27/15,--,--,--,-0.09,-0.69
1/26/15,--,--,--,-0.04,-0.33
1/23/15,--,--,--,-0.05,-0.36
1/22/15,--,--,--,0.11,0.90
1/21/15,--,--,--,0.02,0.15
1/20/15,--,--,--,-0.06,-0.49
1/16/15,--,--,--,-0.10,-0.82
1/15/15,--,--,--,-0.14,-1.11
1/14/15,--,--,--,-0.12,-0.97
1/13/15,--,--,--,-0.05,-0.40
1/12/15,--,--,--,-0.10,-0.81
1/9/15,--,--,--,-0.08,-0.65
1/8/15,--,--,--,-0.04,-0.34
1/7/15,--,--,--,-0.04,-0.29
1/6/15,--,--,--,-0.24,-1.91
1/5/15,--,--,--,-0.22,-1.75
1/2/15,--,--,--,-0.23,-1.80
1/1/15,--,--,--,-0.08,-0.64
