"Global X MSCI China Financials ETF",,,,,
Date,"Closing Price","Daily Change","Daily Change %",Premium/Discount,"Premium/Discount %"
03/12/2019,17.48,0.16,0.92,0.08,0.48
03/11/2019,17.32,0.40,2.36,0.17,1.02
03/08/2019,16.92,-0.55,-3.15,-0.08,-0.45
03/07/2019,17.47,-0.45,-2.51,-0.19,-1.10
03/06/2019,17.92,-0.13,-0.72,0.00,0.02
03/05/2019,18.05,0.09,0.50,0.19,1.05
03/04/2019,17.96,0.10,0.56,0.02,0.11
03/01/2019,17.86,0.36,2.06,0.04,0.23
02/28/2019,17.5,-0.19,-1.07,0.07,0.40
02/27/2019,17.69,-0.27,-1.50,0.06,0.34
02/26/2019,17.96,-0.40,-2.18,0.19,1.05
02/25/2019,18.36,1.01,5.82,0.30,1.65
02/22/2019,17.35,0.52,3.09,0.13,0.77
02/21/2019,16.83,-0.05,-0.30,0.04,0.25
02/20/2019,16.88,0.13,0.78,0.18,1.07
02/19/2019,16.75,0.61,3.78,0.27,1.62
02/15/2019,16.14,-0.12,-0.74,0.12,0.76
02/14/2019,16.26,-0.06,-0.37,-0.14,-0.88
02/13/2019,16.32,0.13,0.80,-0.13,-0.82
02/12/2019,16.19,0.07,0.43,0.04,0.23
02/11/2019,16.12,0.08,0.50,-0.02,-0.09
02/08/2019,16.04,-0.07,-0.43,-0.02,-0.13
02/07/2019,16.11,-0.09,-0.56,-0.05,-0.31
02/06/2019,16.2,-0.16,-0.98,0.04,0.23
02/05/2019,16.36,0.18,1.11,0.20,1.22
02/04/2019,16.18,-0.02,-0.12,0.02,0.10
02/01/2019,16.2,0.00,0.00,0.02,0.14
01/31/2019,16.2,0.15,0.93,0.09,0.56
01/30/2019,16.05,0.20,1.26,0.23,1.47
01/29/2019,15.85,0.03,0.19,0.01,0.03
01/28/2019,15.82,-0.07,-0.44,-0.05,-0.35
01/25/2019,15.89,0.28,1.79,0.04,0.24
01/24/2019,15.61,0.17,1.10,0.04,0.25
01/23/2019,15.44,0.13,0.85,-0.02,-0.16
01/22/2019,15.31,-0.40,-2.55,-0.15,-0.99
01/18/2019,15.71,0.24,1.55,0.14,0.88
01/17/2019,15.47,0.03,0.19,0.09,0.61
01/16/2019,15.44,0.22,1.45,0.01,0.09
01/15/2019,15.22,0.19,1.26,-0.09,-0.59
01/14/2019,15.03,-0.14,-0.92,0.02,0.14
01/11/2019,15.17,0.03,0.20,-0.03,-0.18
01/10/2019,15.14,0.02,0.13,0.06,0.40
01/09/2019,15.12,0.22,1.48,0.06,0.42
01/08/2019,14.9,0.08,0.54,0.12,0.78
01/07/2019,14.82,-0.08,-0.54,-0.01,-0.07
01/04/2019,14.9,0.49,3.40,0.12,0.83
01/03/2019,14.41,-0.05,-0.35,-0.05,-0.36
01/02/2019,14.46,-0.13,-0.89,0.02,0.11
12/31/2018,14.59,-0.06,-0.41,-0.19,-1.25
12/28/2018,14.65,-0.53,-3.49,0.04,0.26
12/27/2018,15.18,-0.12,-0.78,-0.06,-0.38
12/26/2018,15.3,0.22,1.46,-0.01,-0.05
12/24/2018,15.08,-0.03,-0.20,-0.27,-1.74
12/21/2018,15.11,-0.21,-1.37,-0.28,-1.84
12/20/2018,15.32,-0.03,-0.20,-0.18,-1.18
12/19/2018,15.35,-0.37,-2.35,-0.31,-1.99
12/18/2018,15.72,0.00,0.00,0.00,-0.03
12/17/2018,15.72,-0.22,-1.38,-0.16,-1.02
12/14/2018,15.94,-0.08,-0.50,0.03,0.20
12/13/2018,16.02,0.06,0.38,-0.15,-0.92
12/12/2018,15.96,0.13,0.82,0.00,-0.01
12/11/2018,15.83,0.03,0.19,0.08,0.53
12/10/2018,15.8,0.03,0.19,0.00,0.01
12/07/2018,15.77,-0.60,-3.67,-0.22,-1.37
12/06/2018,16.37,-0.26,-1.56,0.17,1.02
12/05/2018,16.63,0.00,0.00,0.00,0.00
12/04/2018,16.63,-0.22,-1.31,-0.28,-1.64
12/03/2018,16.85,0.40,2.43,-0.01,-0.08
11/30/2018,16.45,0.13,0.80,0.04,0.27
11/29/2018,16.32,-0.25,-1.51,-0.05,-0.29
11/28/2018,16.57,0.30,1.84,0.13,0.80
11/27/2018,16.27,0.05,0.31,0.01,0.06
11/26/2018,16.22,0.23,1.44,-0.11,-0.69
11/23/2018,15.99,-0.13,-0.81,-0.07,-0.43
11/21/2018,16.12,0.24,1.51,-0.08,-0.47
11/20/2018,15.88,-0.30,-1.85,-0.21,-1.32
11/19/2018,16.18,-0.11,-0.68,-0.22,-1.37
11/16/2018,16.29,0.07,0.43,0.04,0.28
11/15/2018,16.22,0.30,1.88,0.05,0.30
11/14/2018,15.92,0.06,0.38,-0.01,-0.09
11/13/2018,15.86,0.34,2.19,-0.14,-0.85
11/12/2018,15.52,-0.09,-0.58,-0.36,-2.25
11/09/2018,15.61,-0.37,-2.32,-0.22,-1.41
11/08/2018,15.98,-0.35,-2.14,-0.26,-1.61
11/07/2018,16.33,0.29,1.81,0.14,0.86
11/06/2018,16.04,-0.04,-0.25,-0.13,-0.81
11/05/2018,16.08,-0.04,-0.25,0.01,0.08
11/02/2018,16.12,0.17,1.07,-0.30,-1.84
11/01/2018,15.95,0.59,3.84,0.21,1.34
10/31/2018,15.36,0.09,0.59,-0.03,-0.23
10/30/2018,15.27,0.17,1.13,0.02,0.11
10/29/2018,15.1,-0.32,-2.08,-0.27,-1.79
10/26/2018,15.42,-0.14,-0.90,0.00,0.02
10/25/2018,15.56,0.27,1.77,0.01,0.09
10/24/2018,15.29,-0.40,-2.55,-0.31,-1.98
10/23/2018,15.69,-0.16,-1.01,0.09,0.55
10/22/2018,15.85,0.43,2.79,-0.18,-1.15
10/19/2018,15.42,0.32,2.12,-0.19,-1.20
10/18/2018,15.1,-0.41,-2.64,-0.30,-1.95
10/17/2018,15.51,0.00,0.00,0.09,0.58
10/16/2018,15.51,0.10,0.65,0.09,0.56
10/15/2018,15.41,-0.14,-0.90,0.00,-0.02
10/12/2018,15.55,0.28,1.83,-0.12,-0.75
10/11/2018,15.27,-0.18,-1.17,-0.07,-0.44
10/10/2018,15.45,-0.36,-2.28,-0.46,-2.88
10/09/2018,15.81,-0.12,-0.75,-0.12,-0.76
10/08/2018,15.93,-0.05,-0.31,0.01,0.07
10/05/2018,15.98,0.02,0.13,-0.15,-0.95
10/04/2018,15.96,-0.42,-2.56,-0.22,-1.38
10/03/2018,16.38,-0.18,-1.09,-0.12,-0.73
10/02/2018,16.56,-0.48,-2.82,0.01,0.09
10/01/2018,17.04,0.05,0.29,0.01,0.09
09/28/2018,16.99,-0.11,-0.64,-0.04,-0.24
09/27/2018,17.1,0.03,0.18,0.01,0.07
09/26/2018,17.07,0.12,0.71,-0.07,-0.39
09/25/2018,16.95,0.08,0.47,-0.02,-0.10
09/24/2018,16.87,-0.28,-1.63,-0.09,-0.54
09/21/2018,17.15,0.30,1.78,-0.19,-1.08
09/20/2018,16.85,0.05,0.30,0.04,0.23
09/19/2018,16.8,0.27,1.63,0.04,0.23
09/18/2018,16.53,0.29,1.79,0.02,0.13
09/17/2018,16.24,0.00,0.00,-0.10,-0.61
09/14/2018,16.24,-0.11,-0.67,-0.26,-1.56
09/13/2018,16.35,0.24,1.49,0.01,0.07
09/12/2018,16.11,0.23,1.45,0.20,1.26
09/11/2018,15.88,-0.10,-0.63,-0.09,-0.59
09/10/2018,15.98,-0.19,-1.18,-0.13,-0.82
09/07/2018,16.17,-0.16,-0.98,-0.20,-1.25
09/06/2018,16.33,-0.10,-0.61,-0.08,-0.51
09/05/2018,16.43,-0.29,-1.73,-0.14,-0.83
09/04/2018,16.72,-0.14,-0.83,-0.29,-1.71
08/31/2018,16.86,0.07,0.42,-0.09,-0.53
08/30/2018,16.79,-0.46,-2.67,-0.27,-1.59
08/29/2018,17.25,0.16,0.94,-0.02,-0.09
08/28/2018,17.09,-0.13,-0.75,-0.15,-0.84
08/27/2018,17.22,0.31,1.83,0.01,0.07
08/24/2018,16.91,0.21,1.26,0.11,0.64
08/23/2018,16.7,-0.30,-1.76,-0.21,-1.22
08/22/2018,17,0.10,0.59,-0.03,-0.19
08/21/2018,16.9,0.22,1.32,-0.02,-0.10
08/20/2018,16.68,0.04,0.24,-0.07,-0.40
08/17/2018,16.64,0.11,0.67,0.09,0.56
08/16/2018,16.53,0.25,1.54,0.04,0.22
08/15/2018,16.28,-0.53,-3.15,-0.26,-1.57
08/14/2018,16.81,0.01,0.06,-0.05,-0.30
08/13/2018,16.8,-0.17,-1.00,-0.13,-0.74
08/10/2018,16.97,-0.25,-1.45,-0.25,-1.46
08/09/2018,17.22,0.28,1.65,-0.06,-0.36
08/08/2018,16.94,-0.09,-0.53,-0.14,-0.79
08/07/2018,17.03,0.35,2.10,-0.05,-0.28
08/06/2018,16.68,-0.01,-0.06,-0.06,-0.33
08/03/2018,16.69,0.03,0.18,0.04,0.21
08/02/2018,16.66,-0.26,-1.54,0.01,0.04
08/01/2018,16.92,-0.40,-2.31,-0.10,-0.61
07/31/2018,17.32,0.12,0.70,0.07,0.42
07/30/2018,17.2,0.02,0.12,-0.11,-0.62
07/27/2018,17.18,-0.03,-0.17,-0.17,-1.00
07/26/2018,17.21,-0.25,-1.43,-0.12,-0.68
07/25/2018,17.46,0.15,0.87,0.05,0.29
07/24/2018,17.31,0.51,3.04,0.05,0.28
07/23/2018,16.8,0.07,0.42,-0.09,-0.52
07/20/2018,16.73,0.32,1.95,-0.02,-0.10
07/19/2018,16.41,-0.19,-1.14,-0.13,-0.81
07/18/2018,16.6,-0.07,-0.42,-0.06,-0.33
07/17/2018,16.67,-0.07,-0.42,-0.02,-0.14
07/16/2018,16.74,-0.14,-0.83,-0.16,-0.92
07/13/2018,16.88,0.00,0.00,-0.07,-0.44
07/12/2018,16.88,0.27,1.63,-0.07,-0.40
07/11/2018,16.61,-0.31,-1.83,-0.17,-0.99
07/10/2018,16.92,-0.07,-0.41,-0.11,-0.65
07/09/2018,16.99,0.30,1.80,0.04,0.21
07/06/2018,16.69,0.17,1.03,0.03,0.19
07/05/2018,16.52,-0.11,-0.66,-0.11,-0.64
07/03/2018,16.63,0.11,0.67,-0.18,-1.05
07/02/2018,16.52,-0.32,-1.90,-0.53,-3.09
06/29/2018,16.84,0.20,1.20,-0.21,-1.21
06/28/2018,16.64,0.03,0.18,-0.06,-0.34
06/27/2018,16.61,-0.43,-2.52,-0.10,-0.61
06/26/2018,17.04,-0.05,-0.29,-0.12,-0.70
06/25/2018,17.09,-0.39,-2.23,-0.19,-1.11
06/22/2018,17.48,0.15,0.87,-0.10,-0.58
06/21/2018,17.33,-0.39,-2.20,-0.25,-1.43
06/20/2018,17.72,-0.02,-0.11,-0.09,-0.49
06/19/2018,17.74,-0.36,-1.99,-0.02,-0.11
06/18/2018,18.1,-0.15,-0.82,-0.20,-1.11
06/15/2018,18.25,-0.11,-0.60,-0.05,-0.27
06/14/2018,18.36,-0.06,-0.33,-0.03,-0.17
06/13/2018,18.42,-0.18,-0.97,-0.13,-0.71
06/12/2018,18.6,-0.07,-0.37,-0.17,-0.90
06/11/2018,18.67,-0.08,-0.43,-0.07,-0.35
06/08/2018,18.75,-0.09,-0.48,0.05,0.29
06/07/2018,18.84,-0.06,-0.32,-0.18,-0.94
06/06/2018,18.9,0.49,2.66,0.10,0.55
06/05/2018,18.41,0.00,0.00,-0.32,-1.73
06/04/2018,18.41,0.00,0.00,-0.22,-1.18
06/01/2018,18.41,0.33,1.83,0.18,0.98
05/31/2018,18.08,0.00,0.00,-0.15,-0.84
05/30/2018,18.08,0.04,0.22,0.10,0.58
05/29/2018,18.04,-0.40,-2.17,-0.23,-1.27
05/25/2018,18.44,0.05,0.27,0.00,-0.02
05/24/2018,18.39,-0.10,-0.54,-0.11,-0.59
05/23/2018,18.49,-0.28,-1.49,0.06,0.33
05/22/2018,18.77,0.00,0.00,-0.05,-0.27
05/21/2018,18.77,0.24,1.30,-0.06,-0.30
05/18/2018,18.53,-0.06,-0.32,-0.22,-1.16
05/17/2018,18.59,-0.34,-1.80,-0.09,-0.50
05/16/2018,18.93,0.21,1.12,0.01,0.05
05/15/2018,18.72,-0.30,-1.58,-0.23,-1.22
05/14/2018,19.02,0.23,1.22,-0.11,-0.57
05/11/2018,18.79,0.12,0.64,-0.01,-0.06
05/10/2018,18.67,0.17,0.92,0.08,0.41
05/09/2018,18.5,0.13,0.71,-0.03,-0.18
05/08/2018,18.37,0.27,1.49,-0.11,-0.60
05/07/2018,18.1,-0.14,-0.77,-0.11,-0.59
05/04/2018,18.24,0.02,0.11,0.08,0.46
05/03/2018,18.22,-0.16,-0.87,-0.15,-0.84
05/02/2018,18.38,-0.08,-0.43,-0.26,-1.37
05/01/2018,18.46,-0.01,-0.05,-0.30,-1.60
04/30/2018,18.47,0.14,0.76,-0.30,-1.59
04/27/2018,18.33,0.03,0.16,0.03,0.15
04/26/2018,18.3,0.03,0.16,0.10,0.57
04/25/2018,18.27,-0.09,-0.49,-0.14,-0.76
04/24/2018,18.36,0.23,1.27,-0.19,-1.02
04/23/2018,18.13,-0.01,-0.06,-0.07,-0.37
04/20/2018,18.14,-0.23,-1.25,-0.16,-0.89
04/19/2018,18.37,-0.01,-0.05,-0.15,-0.83
04/18/2018,18.38,0.06,0.33,0.12,0.66
04/17/2018,18.32,-0.03,-0.16,0.25,1.40
04/16/2018,18.35,-0.41,-2.19,0.05,0.28
04/13/2018,18.76,-0.22,-1.16,0.01,0.03
04/12/2018,18.98,0.06,0.32,0.22,1.16
04/11/2018,18.92,0.15,0.80,0.07,0.39
04/10/2018,18.77,0.52,2.85,0.06,0.32
04/09/2018,18.25,0.19,1.05,-0.03,-0.18
04/06/2018,18.06,-0.40,-2.17,-0.06,-0.31
04/05/2018,18.46,0.01,0.05,0.52,2.89
04/04/2018,18.45,0.02,0.11,0.51,2.84
04/03/2018,18.43,0.31,1.71,0.11,0.58
04/02/2018,18.12,-0.44,-2.37,-0.15,-0.83
03/29/2018,18.56,0.30,1.64,0.29,1.57
03/28/2018,18.26,-0.17,-0.92,0.03,0.16
03/27/2018,18.43,-0.18,-0.97,-0.27,-1.45
03/26/2018,18.61,0.49,2.70,0.07,0.39
03/23/2018,18.12,-0.25,-1.36,-0.31,-1.71
03/22/2018,18.37,-0.67,-3.52,-0.53,-2.82
03/21/2018,19.04,-0.09,-0.47,-0.02,-0.12
03/20/2018,19.13,0.16,0.84,-0.02,-0.10
03/19/2018,18.97,-0.22,-1.15,-0.26,-1.36
03/16/2018,19.19,-0.02,-0.10,-0.11,-0.57
03/15/2018,19.21,0.15,0.79,-0.14,-0.72
03/14/2018,19.06,0.03,0.16,-0.16,-0.85
03/13/2018,19.03,-0.23,-1.19,-0.30,-1.57
03/12/2018,19.26,0.02,0.10,-0.03,-0.16
03/09/2018,19.24,0.51,2.72,0.33,1.72
03/08/2018,18.73,0.18,0.97,0.03,0.16
03/07/2018,18.55,-0.06,-0.32,0.10,0.56
03/06/2018,18.61,0.17,0.92,-0.03,-0.19
03/05/2018,18.44,-0.09,-0.49,0.25,1.39
03/02/2018,18.53,0.01,0.05,-0.04,-0.24
03/01/2018,18.52,-0.02,-0.11,-0.40,-2.10
02/28/2018,18.54,-0.43,-2.27,-0.23,-1.22
02/27/2018,18.97,-0.61,-3.12,-0.10,-0.54
02/26/2018,19.58,0.25,1.29,0.28,1.47
02/23/2018,19.33,0.33,1.74,0.14,0.71
02/22/2018,19,-0.17,-0.89,0.09,0.48
02/21/2018,19.17,0.32,1.70,-0.02,-0.10
02/20/2018,18.85,-0.43,-2.23,0.06,0.32
02/16/2018,19.28,0.10,0.52,0.30,1.56
02/15/2018,19.18,0.42,2.24,0.19,1.01
02/14/2018,18.76,0.60,3.30,0.20,1.09
02/13/2018,18.16,0.14,0.78,0.07,0.37
02/12/2018,18.02,0.28,1.58,0.16,0.92
02/09/2018,17.74,-0.23,-1.28,-0.14,-0.79
02/08/2018,17.97,-0.81,-4.31,-0.65,-3.52
02/07/2018,18.78,-0.74,-3.79,0.17,0.90
02/06/2018,19.52,0.13,0.67,0.54,2.87
02/05/2018,19.39,-0.47,-2.37,-0.79,-3.92
02/02/2018,19.86,-0.35,-1.73,-0.48,-2.36
02/01/2018,20.21,-0.30,-1.46,-0.12,-0.57
01/31/2018,20.51,0.27,1.33,0.02,0.10
01/30/2018,20.24,-0.25,-1.22,-0.04,-0.17
01/29/2018,20.49,-0.54,-2.57,-0.02,-0.11
01/26/2018,21.03,0.56,2.74,0.30,1.45
01/25/2018,20.47,-0.25,-1.21,0.23,1.12
01/24/2018,20.72,0.00,0.00,0.15,0.73
01/23/2018,20.72,0.30,1.47,0.16,0.78
01/22/2018,20.42,0.10,0.49,0.28,1.40
01/19/2018,20.32,0.29,1.45,0.27,1.35
01/18/2018,20.03,0.07,0.35,0.16,0.79
01/17/2018,19.96,0.38,1.94,0.24,1.20
01/16/2018,19.58,0.05,0.26,-0.07,-0.38
01/12/2018,19.53,0.31,1.61,0.32,1.67
01/11/2018,19.22,0.13,0.68,0.22,1.16
01/10/2018,19.09,0.08,0.42,0.08,0.40
01/09/2018,19.01,-0.01,-0.05,0.10,0.53
01/08/2018,19.02,0.08,0.42,0.15,0.80
01/05/2018,18.94,0.12,0.64,0.22,1.16
01/04/2018,18.82,0.10,0.53,0.18,0.96
01/03/2018,18.72,0.09,0.48,0.20,1.07
01/02/2018,18.63,0.62,3.44,0.14,0.75
12/29/2017,18.01,0.03,0.17,0.07,0.38
12/28/2017,17.98,-0.08,-0.44,0.08,0.44
12/27/2017,18.06,-0.09,-0.50,0.03,0.17
12/26/2017,18.15,0.03,0.17,0.15,0.84
12/22/2017,18.12,0.07,0.39,0.13,0.70
12/21/2017,18.05,0.28,1.58,0.19,1.05
12/20/2017,17.77,-0.05,-0.28,0.04,0.24
12/19/2017,17.82,-0.08,-0.45,-0.01,-0.08
12/18/2017,17.9,0.19,1.07,0.16,0.91
12/15/2017,17.71,-0.13,-0.73,0.10,0.59
12/14/2017,17.84,-0.16,-0.89,-0.03,-0.18
12/13/2017,18,0.43,2.45,0.16,0.92
12/12/2017,17.57,-0.14,-0.79,-0.01,-0.07
12/11/2017,17.71,0.15,0.85,0.02,0.13
12/08/2017,17.56,0.21,1.21,0.04,0.21
12/07/2017,17.35,-0.02,-0.12,0.07,0.40
12/06/2017,17.37,-0.38,-2.14,0.07,0.40
12/05/2017,17.75,-0.06,-0.34,0.03,0.16
12/04/2017,17.81,0.05,0.28,-0.03,-0.17
12/01/2017,17.76,-0.06,-0.34,-0.03,-0.18
11/30/2017,17.82,-0.16,-0.89,0.04,0.21
11/29/2017,17.98,-0.19,-1.05,-0.11,-0.61
11/28/2017,18.17,-0.04,-0.22,0.07,0.36
11/27/2017,18.21,-0.37,-1.99,-0.02,-0.10
11/24/2017,18.58,-0.03,-0.16,0.11,0.62
11/22/2017,18.61,0.10,0.54,0.07,0.36
11/21/2017,18.51,0.57,3.18,0.12,0.63
11/20/2017,17.94,0.07,0.39,0.07,0.41
11/17/2017,17.87,-0.06,-0.33,-0.11,-0.60
11/16/2017,17.93,0.30,1.70,0.04,0.24
11/15/2017,17.63,-0.19,-1.07,-0.11,-0.60
11/14/2017,17.82,-0.16,-0.89,-0.15,-0.84
11/13/2017,17.98,0.05,0.28,-0.07,-0.37
11/10/2017,17.93,0.17,0.96,-0.07,-0.37
11/09/2017,17.76,-0.03,-0.17,-0.22,-1.21
11/08/2017,17.79,0.13,0.74,-0.01,-0.07
11/07/2017,17.66,0.05,0.28,-0.19,-1.04
11/06/2017,17.61,-0.13,-0.73,-0.01,-0.06
11/03/2017,17.74,-0.14,-0.78,-0.07,-0.40
11/02/2017,17.88,0.09,0.51,0.10,0.56
11/01/2017,17.79,0.15,0.85,-0.05,-0.30
10/31/2017,17.64,-0.01,-0.06,0.00,0.01
10/30/2017,17.65,-0.37,-2.05,-0.06,-0.34
10/27/2017,18.02,0.28,1.58,0.13,0.70
10/26/2017,17.74,0.10,0.57,0.03,0.15
10/25/2017,17.64,-0.09,-0.51,-0.14,-0.77
10/24/2017,17.73,0.08,0.45,0.03,0.20
10/23/2017,17.65,-0.14,-0.79,-0.09,-0.49
10/20/2017,17.79,0.15,0.85,-0.06,-0.36
10/19/2017,17.64,-0.43,-2.38,0.05,0.26
10/18/2017,18.07,0.26,1.46,0.08,0.42
10/17/2017,17.81,-0.16,-0.89,-0.04,-0.24
10/16/2017,17.97,0.10,0.56,0.09,0.50
10/13/2017,17.87,0.16,0.90,0.12,0.66
10/12/2017,17.71,0.12,0.68,-0.01,-0.06
10/11/2017,17.59,-0.15,-0.85,0.05,0.31
10/10/2017,17.74,0.14,0.80,0.07,0.40
10/09/2017,17.6,-0.10,-0.56,0.02,0.09
10/06/2017,17.7,-0.17,-0.95,-0.04,-0.23
10/05/2017,17.87,0.23,1.30,0.20,1.15
10/04/2017,17.64,0.11,0.63,-0.03,-0.19
10/03/2017,17.53,0.51,3.00,0.10,0.57
10/02/2017,17.02,0.07,0.41,0.15,0.90
09/29/2017,16.95,0.23,1.38,0.08,0.49
09/28/2017,16.72,-0.16,-0.95,-0.07,-0.44
09/27/2017,16.88,0.08,0.48,-0.13,-0.77
09/26/2017,16.8,0.07,0.42,-0.03,-0.21
09/25/2017,16.73,-0.56,-3.24,-0.14,-0.82
09/22/2017,17.29,-0.26,-1.48,-0.06,-0.32
09/21/2017,17.55,0.10,0.57,-0.01,-0.04
09/20/2017,17.45,-0.04,-0.23,-0.11,-0.64
09/19/2017,17.49,-0.01,-0.06,-0.01,-0.06
09/18/2017,17.5,0.19,1.10,-0.05,-0.26
09/15/2017,17.31,0.22,1.29,0.09,0.52
09/14/2017,17.09,-0.11,-0.64,-0.08,-0.47
09/13/2017,17.2,-0.14,-0.81,-0.05,-0.32
09/12/2017,17.34,-0.10,-0.57,0.02,0.12
09/11/2017,17.44,0.29,1.69,0.11,0.62
09/08/2017,17.15,-0.02,-0.12,0.03,0.17
09/07/2017,17.17,-0.02,-0.12,0.13,0.78
09/06/2017,17.19,0.07,0.41,0.16,0.94
09/05/2017,17.12,-0.19,-1.10,-0.02,-0.12
09/01/2017,17.31,-0.07,-0.40,0.09,0.52
08/31/2017,17.38,-0.03,-0.17,0.09,0.53
08/30/2017,17.41,0.06,0.35,0.06,0.32
08/29/2017,17.35,0.01,0.06,0.17,1.00
08/28/2017,17.34,-0.02,-0.12,0.10,0.58
08/25/2017,17.36,0.37,2.18,0.16,0.96
08/24/2017,16.99,0.08,0.47,0.11,0.62
08/23/2017,16.91,0.07,0.42,0.21,1.27
08/22/2017,16.84,0.36,2.18,0.14,0.85
08/21/2017,16.48,0.18,1.10,0.09,0.57
08/18/2017,16.3,0.03,0.18,0.04,0.26
08/17/2017,16.27,-0.39,-2.34,-0.17,-1.02
08/16/2017,16.66,0.22,1.34,0.13,0.81
08/15/2017,16.44,0.03,0.18,0.05,0.29
08/14/2017,16.41,0.14,0.86,0.06,0.38
08/11/2017,16.27,-0.06,-0.37,0.11,0.65
08/10/2017,16.33,-0.60,-3.54,-0.21,-1.25
08/09/2017,16.93,-0.09,-0.53,0.04,0.22
08/08/2017,17.02,0.14,0.83,0.06,0.34
08/07/2017,16.88,-0.08,-0.47,0.00,0.02
08/04/2017,16.96,-0.04,-0.24,0.08,0.49
08/03/2017,17,-0.01,-0.06,0.12,0.71
08/02/2017,17.01,-0.01,-0.06,0.06,0.33
08/01/2017,17.02,0.30,1.79,0.13,0.76
07/31/2017,16.72,0.11,0.66,0.06,0.34
07/28/2017,16.61,-0.03,-0.18,0.13,0.82
07/27/2017,16.64,0.05,0.30,-0.01,-0.09
07/26/2017,16.59,0.18,1.10,0.14,0.84
07/25/2017,16.41,0.00,0.00,0.11,0.71
07/24/2017,16.41,0.07,0.43,0.08,0.47
07/21/2017,16.34,-0.11,-0.67,0.09,0.53
07/20/2017,16.45,0.09,0.55,0.11,0.66
07/19/2017,16.36,0.13,0.80,0.14,0.85
07/18/2017,16.23,-0.04,-0.25,0.09,0.58
07/17/2017,16.27,-0.04,-0.25,0.09,0.53
07/14/2017,16.31,0.22,1.37,0.25,1.53
07/13/2017,16.09,0.00,0.00,0.11,0.69
07/12/2017,16.09,0.31,1.96,0.31,1.98
07/11/2017,15.78,0.36,2.33,0.13,0.83
07/10/2017,15.42,0.10,0.65,0.11,0.72
07/07/2017,15.32,-0.04,-0.26,0.07,0.47
07/06/2017,15.36,-0.12,-0.78,-0.01,-0.03
07/05/2017,15.48,0.26,1.71,0.13,0.82
07/03/2017,15.22,-0.19,-1.23,-0.25,-1.59
06/30/2017,15.41,0.07,0.46,0.07,0.43
06/29/2017,15.34,-0.14,-0.90,-0.09,-0.60
06/28/2017,15.48,0.05,0.32,0.17,1.11
06/27/2017,15.43,-0.14,-0.90,0.00,0.01
06/26/2017,15.57,0.18,1.17,0.09,0.61
06/23/2017,15.39,0.00,0.00,0.10,0.66
06/22/2017,15.39,0.15,0.98,0.14,0.95
06/21/2017,15.24,-0.03,-0.20,0.07,0.48
06/20/2017,15.27,-0.16,-1.04,0.00,0.02
06/19/2017,15.43,0.27,1.78,0.11,0.70
06/16/2017,15.16,0.01,0.07,0.05,0.36
06/15/2017,15.15,-0.16,-1.05,0.09,0.63
06/14/2017,15.31,-0.15,-0.97,0.04,0.28
06/13/2017,15.46,0.14,0.91,0.11,0.72
06/12/2017,15.32,-0.18,-1.16,0.07,0.44
06/09/2017,15.5,-0.16,-1.02,0.03,0.22
06/08/2017,15.66,0.09,0.58,0.10,0.66
06/07/2017,15.57,-0.08,-0.51,0.07,0.48
06/06/2017,15.65,0.18,1.16,0.10,0.63
06/05/2017,15.47,-0.09,-0.58,0.04,0.29
06/02/2017,15.56,0.06,0.39,0.09,0.57
06/01/2017,15.5,0.16,1.04,0.14,0.91
05/31/2017,15.34,0.00,0.00,0.05,0.34
05/30/2017,15.34,0.07,0.46,0.05,0.32
05/26/2017,15.27,0.03,0.20,0.12,0.79
05/25/2017,15.24,0.25,1.67,0.10,0.67
05/24/2017,14.99,0.06,0.40,0.06,0.39
05/23/2017,14.93,0.00,0.00,0.08,0.51
05/22/2017,14.93,0.04,0.27,0.09,0.58
05/19/2017,14.89,0.13,0.88,0.16,1.07
05/18/2017,14.76,0.01,0.07,0.10,0.72
05/17/2017,14.75,-0.18,-1.21,-0.01,-0.10
05/16/2017,14.93,-0.06,-0.40,0.12,0.83
05/15/2017,14.99,0.20,1.35,0.17,1.17
05/12/2017,14.79,0.09,0.61,0.15,1.06
05/11/2017,14.7,-0.05,-0.34,0.07,0.47
05/10/2017,14.75,0.18,1.24,0.17,1.14
05/09/2017,14.57,0.24,1.67,0.11,0.75
05/08/2017,14.33,-0.01,-0.07,0.06,0.42
05/05/2017,14.34,-0.07,-0.49,0.13,0.95
05/04/2017,14.41,-0.10,-0.69,0.02,0.17
05/03/2017,14.51,-0.04,-0.27,0.03,0.23
05/02/2017,14.55,-0.10,-0.68,0.07,0.51
05/01/2017,14.65,0.06,0.41,0.17,1.15
04/28/2017,14.59,0.03,0.21,0.10,0.68
04/27/2017,14.56,-0.03,-0.21,-0.01,-0.07
04/26/2017,14.59,0.03,0.21,0.01,0.09
04/25/2017,14.56,0.25,1.75,0.07,0.51
04/24/2017,14.31,0.10,0.70,0.07,0.52
04/21/2017,14.21,-0.07,-0.49,0.04,0.28
04/20/2017,14.28,0.17,1.20,0.09,0.66
04/19/2017,14.11,-0.02,-0.14,0.02,0.17
04/18/2017,14.13,-0.32,-2.21,-0.02,-0.14
04/17/2017,14.45,0.08,0.56,0.08,0.57
04/13/2017,14.37,0.00,0.00,0.00,0.01
04/12/2017,14.37,0.01,0.07,0.01,0.10
04/11/2017,14.36,-0.06,-0.42,0.11,0.75
04/10/2017,14.42,-0.06,-0.41,0.08,0.54
04/07/2017,14.48,0.00,0.00,0.14,0.98
04/06/2017,14.48,-0.04,-0.28,0.14,0.97
04/05/2017,14.52,-0.04,-0.27,0.12,0.81
04/04/2017,14.56,0.00,0.00,0.23,1.58
04/03/2017,14.56,0.08,0.55,0.23,1.58
03/31/2017,14.48,-0.13,-0.89,0.22,1.51
03/30/2017,14.61,-0.07,-0.48,0.25,1.73
03/29/2017,14.68,0.00,0.00,0.19,1.34
03/28/2017,14.68,0.02,0.14,0.21,1.45
03/27/2017,14.66,-0.13,-0.88,0.27,1.90
03/24/2017,14.79,-0.05,-0.34,0.18,1.25
03/23/2017,14.84,0.04,0.27,0.19,1.32
03/22/2017,14.8,0.06,0.41,0.23,1.58
03/21/2017,14.74,-0.09,-0.61,-0.08,-0.51
03/20/2017,14.83,0.06,0.41,0.12,0.82
03/17/2017,14.77,-0.12,-0.81,0.07,0.51
03/16/2017,14.89,0.19,1.29,0.14,0.96
03/15/2017,14.7,0.27,1.87,0.26,1.81
03/14/2017,14.43,0.00,0.00,-0.02,-0.12
03/13/2017,14.43,0.27,1.91,0.03,0.20
03/10/2017,14.16,0.10,0.71,0.02,0.12
03/09/2017,14.06,-0.16,-1.13,-0.05,-0.36
03/08/2017,14.22,0.04,0.28,-0.09,-0.60
03/07/2017,14.18,0.09,0.64,0.00,-0.02
03/06/2017,14.09,-0.04,-0.28,0.01,0.11
03/03/2017,14.13,0.00,0.00,0.09,0.66
03/02/2017,14.13,-0.30,-2.08,-0.07,-0.50
03/01/2017,14.43,0.13,0.91,0.17,1.19
02/28/2017,14.3,-0.04,-0.28,0.02,0.12
02/27/2017,14.34,-0.13,-0.90,-0.01,-0.08
02/24/2017,14.47,-0.14,-0.96,0.04,0.30
02/23/2017,14.61,0.10,0.69,0.07,0.48
02/22/2017,14.51,0.10,0.69,-0.04,-0.31
02/21/2017,14.41,0.10,0.70,0.07,0.47
02/17/2017,14.31,-0.08,-0.56,-0.02,-0.15
02/16/2017,14.39,-0.03,-0.21,-0.04,-0.29
02/15/2017,14.42,0.27,1.91,0.03,0.20
02/14/2017,14.15,0.02,0.14,0.02,0.17
02/13/2017,14.13,0.11,0.78,0.01,0.10
02/10/2017,14.02,0.07,0.50,0.05,0.39
02/09/2017,13.95,0.17,1.23,0.00,0.03
02/08/2017,13.78,0.35,2.61,-0.03,-0.23
02/07/2017,13.43,0.03,0.22,-0.13,-0.93
02/06/2017,13.4,0.08,0.60,-0.12,-0.89
02/03/2017,13.32,-0.02,-0.15,0.00,0.02
02/02/2017,13.34,-0.06,-0.45,-0.01,-0.04
02/01/2017,13.4,-0.02,-0.15,-0.05,-0.34
01/31/2017,13.42,0.04,0.30,-0.07,-0.53
01/30/2017,13.38,-0.05,-0.37,-0.12,-0.85
01/27/2017,13.43,0.02,0.15,-0.06,-0.48
01/26/2017,13.41,0.04,0.30,-0.11,-0.82
01/25/2017,13.37,0.01,0.07,0.01,0.09
01/24/2017,13.36,0.04,0.30,-0.01,-0.06
01/23/2017,13.32,0.06,0.45,-0.03,-0.21
01/20/2017,13.26,-0.05,-0.38,-0.08,-0.58
01/19/2017,13.31,-0.03,-0.22,-0.15,-1.10
01/18/2017,13.34,0.07,0.53,-0.13,-0.95
01/17/2017,13.27,-0.13,-0.97,-0.04,-0.33
01/13/2017,13.4,-0.05,-0.37,-0.04,-0.31
01/12/2017,13.45,-0.02,-0.15,0.04,0.27
01/11/2017,13.47,0.06,0.45,0.04,0.28
01/10/2017,13.41,0.26,1.98,0.10,0.72
01/09/2017,13.15,-0.01,-0.08,-0.05,-0.39
01/06/2017,13.16,-0.11,-0.83,-0.04,-0.29
01/05/2017,13.27,0.18,1.38,0.09,0.68
01/04/2017,13.09,0.09,0.69,0.08,0.61
01/03/2017,13,0.18,1.40,-0.05,-0.35
12/30/2016,12.82,0.01,0.08,-0.12,-0.96
12/29/2016,12.81,0.12,0.95,0.01,0.04
12/28/2016,12.69,-0.19,-1.48,-0.12,-0.94
12/27/2016,12.88,0.07,0.55,-0.05,-0.38
12/23/2016,12.81,0.00,0.00,-0.12,-0.94
12/22/2016,12.81,-0.14,-1.08,-0.13,-1.04
12/21/2016,12.95,-0.03,-0.23,-0.13,-1.02
12/20/2016,12.98,-0.05,-0.38,-0.04,-0.29
12/19/2016,13.03,-0.14,-1.06,-0.10,-0.78
12/16/2016,13.17,-0.11,-0.83,-0.12,-0.93
12/15/2016,13.28,-0.20,-1.48,-0.03,-0.25
12/14/2016,13.48,-0.38,-2.74,-0.14,-1.06
12/13/2016,13.86,0.12,0.87,0.16,1.14
12/12/2016,13.74,-0.26,-1.86,0.04,0.28
12/09/2016,14,-0.09,-0.64,0.07,0.51
12/08/2016,14.09,0.02,0.14,0.14,1.01
12/07/2016,14.07,0.09,0.64,0.22,1.58
12/06/2016,13.98,0.00,0.00,0.16,1.13
12/05/2016,13.98,0.01,0.07,0.22,1.57
12/02/2016,13.97,-0.07,-0.50,0.12,0.87
12/01/2016,14.04,-0.11,-0.78,0.00,0.01
11/30/2016,14.15,0.04,0.28,0.16,1.11
11/29/2016,14.11,0.10,0.71,0.12,0.86
11/28/2016,14.01,0.04,0.29,-0.03,-0.24
11/25/2016,13.97,0.22,1.60,0.00,0.01
11/23/2016,13.75,-0.07,-0.51,-0.06,-0.45
11/22/2016,13.82,0.22,1.62,0.04,0.31
11/21/2016,13.6,0.21,1.57,0.08,0.56
11/18/2016,13.39,-0.03,-0.22,-0.03,-0.21
11/17/2016,13.42,-0.01,-0.07,0.02,0.17
11/16/2016,13.43,-0.21,-1.54,0.02,0.11
11/15/2016,13.64,0.19,1.41,0.17,1.29
11/14/2016,13.45,-0.07,-0.52,0.05,0.36
11/11/2016,13.52,-0.07,-0.52,-0.03,-0.18
11/10/2016,13.59,-0.12,-0.88,-0.10,-0.73
11/09/2016,13.71,-0.27,-1.93,0.23,1.71
11/08/2016,13.98,0.14,1.01,0.15,1.06
11/07/2016,13.84,0.28,2.06,0.12,0.85
11/04/2016,13.56,-0.09,-0.66,-0.11,-0.78
11/03/2016,13.65,-0.05,-0.36,-0.01,-0.06
11/02/2016,13.7,-0.14,-1.01,-0.01,-0.07
11/01/2016,13.84,0.06,0.44,-0.09,-0.68
10/31/2016,13.78,0.06,0.44,-0.02,-0.15
10/28/2016,13.72,-0.14,-1.01,0.00,-0.02
10/27/2016,13.86,-0.09,-0.65,0.02,0.11
10/26/2016,13.95,-0.12,-0.85,0.01,0.04
10/25/2016,14.07,-0.03,-0.21,-0.03,-0.21
10/24/2016,14.1,0.12,0.86,-0.02,-0.13
10/21/2016,13.98,-0.02,-0.14,0.04,0.31
10/20/2016,14,-0.04,-0.28,0.07,0.47
10/19/2016,14.04,0.01,0.07,0.13,0.92
10/18/2016,14.03,0.19,1.37,0.01,0.07
10/17/2016,13.84,-0.12,-0.86,0.07,0.48
10/14/2016,13.96,0.16,1.16,0.10,0.72
10/13/2016,13.8,-0.23,-1.64,0.07,0.50
10/12/2016,14.03,-0.04,-0.28,0.07,0.52
10/11/2016,14.07,-0.54,-3.70,-0.02,-0.16
10/10/2016,14.61,0.20,1.39,0.24,1.65
10/07/2016,14.41,-0.11,-0.76,0.03,0.24
10/06/2016,14.52,0.00,0.00,0.10,0.70
10/05/2016,14.52,0.22,1.54,0.18,1.27
10/04/2016,14.3,-0.10,-0.69,-0.03,-0.23
10/03/2016,14.4,-0.06,-0.41,0.15,1.04
09/30/2016,14.46,0.05,0.35,0.31,2.19
09/29/2016,14.41,-0.25,-1.71,-0.06,-0.41
09/28/2016,14.66,0.07,0.48,0.21,1.43
09/27/2016,14.59,0.19,1.32,0.09,0.64
09/26/2016,14.4,-0.26,-1.77,0.06,0.42
09/23/2016,14.66,-0.32,-2.14,0.07,0.49
09/22/2016,14.98,0.03,0.20,0.27,1.82
09/21/2016,14.95,0.34,2.33,0.30,2.05
09/20/2016,14.61,0.04,0.27,0.10,0.67
09/19/2016,14.57,0.13,0.90,0.08,0.55
09/16/2016,14.44,-0.04,-0.28,0.22,1.55
09/15/2016,14.48,0.44,3.13,0.26,1.83
09/14/2016,14.04,0.02,0.14,-0.10,-0.74
09/13/2016,14.02,-0.42,-2.91,-0.13,-0.92
09/12/2016,14.44,-0.04,-0.28,0.18,1.24
09/09/2016,14.48,-0.18,-1.23,-0.40,-2.70
09/08/2016,14.66,0.05,0.34,-0.04,-0.29
09/07/2016,14.61,0.07,0.48,-0.07,-0.49
09/06/2016,14.54,0.19,1.32,-0.08,-0.57
09/02/2016,14.35,0.31,2.21,0.10,0.67
09/01/2016,14.04,0.16,1.15,-0.06,-0.40
08/31/2016,13.88,-0.12,-0.86,-0.10,-0.72
08/30/2016,14,0.13,0.94,-0.05,-0.35
08/29/2016,13.87,0.10,0.73,-0.02,-0.14
08/26/2016,13.77,-0.09,-0.65,-0.15,-1.10
08/25/2016,13.86,0.02,0.14,-0.02,-0.13
08/24/2016,13.84,-0.12,-0.86,-0.06,-0.46
08/23/2016,13.96,-0.01,-0.07,-0.10,-0.68
08/22/2016,13.97,-0.05,-0.36,-0.12,-0.82
08/19/2016,14.02,-0.06,-0.43,-0.05,-0.36
08/18/2016,14.08,0.13,0.93,-0.01,-0.10
08/17/2016,13.95,-0.11,-0.78,-0.03,-0.23
08/16/2016,14.06,-0.09,-0.64,-0.01,-0.06
08/15/2016,14.15,0.41,2.98,0.03,0.21
08/12/2016,13.74,-0.05,-0.36,-0.10,-0.72
08/11/2016,13.79,0.35,2.60,0.08,0.61
08/10/2016,13.44,0.00,0.00,-0.09,-0.63
08/09/2016,13.44,0.15,1.13,-0.05,-0.35
08/08/2016,13.29,0.09,0.68,-0.12,-0.90
08/05/2016,13.2,0.25,1.93,0.04,0.27
08/04/2016,12.95,0.06,0.47,0.01,0.06
08/03/2016,12.89,0.04,0.31,0.01,0.08
08/02/2016,12.85,-0.04,-0.31,-0.23,-1.78
08/01/2016,12.89,0.00,0.00,-0.19,-1.49
07/29/2016,12.89,-0.01,-0.08,0.03,0.21
07/28/2016,12.9,-0.07,-0.54,-0.14,-1.10
07/27/2016,12.97,-0.08,-0.61,-0.12,-0.94
07/26/2016,13.05,0.16,1.24,-0.02,-0.17
07/25/2016,12.89,-0.12,-0.92,-0.13,-1.04
07/22/2016,13.01,0.07,0.54,-0.02,-0.19
07/21/2016,12.94,-0.02,-0.15,-0.13,-1.02
07/20/2016,12.96,0.14,1.09,-0.02,-0.19
07/19/2016,12.82,-0.16,-1.23,-0.12,-0.93
07/18/2016,12.98,0.07,0.54,-0.06,-0.44
07/15/2016,12.91,0.01,0.08,-0.07,-0.56
07/14/2016,12.9,0.18,1.42,-0.02,-0.17
07/13/2016,12.72,-0.04,-0.31,-0.07,-0.54
07/12/2016,12.76,0.25,2.00,0.06,0.45
07/11/2016,12.51,0.12,0.97,0.02,0.19
07/08/2016,12.39,0.22,1.81,0.13,1.03
07/07/2016,12.17,-0.09,-0.73,-0.17,-1.41
07/06/2016,12.26,-0.01,-0.08,0.03,0.26
07/05/2016,12.27,-0.25,-2.00,-0.12,-0.97
07/01/2016,12.52,0.06,0.48,0.10,0.78
06/30/2016,12.46,0.19,1.55,0.04,0.29
06/29/2016,12.27,0.21,1.74,0.09,0.70
06/28/2016,12.06,0.27,2.29,0.04,0.31
06/27/2016,11.79,-0.05,-0.42,-0.27,-2.23
06/24/2016,11.84,-0.71,-5.66,-0.19,-1.59
06/23/2016,12.55,0.32,2.62,0.18,1.47
06/22/2016,12.23,0.06,0.49,-0.09,-0.77
06/21/2016,12.17,0.13,1.08,-0.02,-0.15
06/20/2016,12.04,12.04,0.00,-0.04,-0.36
06/17/2016,0,-11.85,-100.00,0.00,0.00
06/16/2016,11.85,-0.02,-0.17,0.09,0.79
06/15/2016,11.87,0.00,0.00,-0.08,-0.63
06/14/2016,11.87,0.06,0.51,-0.06,-0.47
06/13/2016,11.81,-0.22,-1.83,-0.14,-1.14
06/10/2016,12.03,-0.38,-3.06,-0.16,-1.27
06/09/2016,12.41,-0.06,-0.48,-0.07,-0.52
06/08/2016,12.47,0.01,0.08,0.00,-0.03
06/07/2016,12.46,0.12,0.97,-0.02,-0.15
06/06/2016,12.34,0.14,1.15,0.07,0.59
06/03/2016,12.2,0.02,0.16,0.01,0.08
06/02/2016,12.18,0.14,1.16,0.06,0.51
06/01/2016,12.04,-0.07,-0.58,-0.01,-0.05
05/31/2016,12.11,0.28,2.37,0.04,0.34
05/27/2016,11.83,0.10,0.85,-0.05,-0.44
05/26/2016,11.73,-0.06,-0.51,-0.02,-0.14
05/25/2016,11.79,0.17,1.46,0.04,0.32
05/24/2016,11.62,0.25,2.20,0.16,1.39
05/23/2016,11.37,-0.02,-0.18,-0.08,-0.69
05/20/2016,11.39,0.18,1.61,-0.05,-0.48
05/19/2016,11.21,-0.05,-0.44,-0.10,-0.88
05/18/2016,11.26,-0.06,-0.53,-0.14,-1.23
05/17/2016,11.32,-0.09,-0.79,-0.22,-1.91
05/16/2016,11.41,0.18,1.60,0.01,0.06
05/13/2016,11.23,-0.25,-2.18,-0.16,-1.40
05/12/2016,11.48,-0.05,-0.43,-0.10,-0.87
05/11/2016,11.53,-0.20,-1.71,-0.12,-1.07
05/10/2016,11.73,0.22,1.91,0.01,0.07
05/09/2016,11.51,-0.22,-1.88,-0.19,-1.63
05/06/2016,11.73,-0.07,-0.59,-0.02,-0.19
05/05/2016,11.8,0.03,0.25,-0.16,-1.32
05/04/2016,11.77,-0.11,-0.93,-0.28,-2.30
05/03/2016,11.88,-0.33,-2.70,-0.21,-1.77
05/02/2016,12.21,-0.03,-0.25,-0.16,-1.27
04/29/2016,12.24,-0.14,-1.13,-0.13,-1.07
04/28/2016,12.38,-0.17,-1.35,-0.15,-1.18
04/27/2016,12.55,0.11,0.88,0.02,0.18
04/26/2016,12.44,0.02,0.16,-0.09,-0.74
04/25/2016,12.42,-0.09,-0.72,-0.09,-0.74
04/22/2016,12.51,-0.06,-0.48,-0.14,-1.13
04/21/2016,12.57,-0.15,-1.18,-0.23,-1.81
04/20/2016,12.72,-0.10,-0.78,0.04,0.33
04/19/2016,12.82,0.13,1.02,0.02,0.18
04/18/2016,12.69,0.07,0.55,0.06,0.47
04/15/2016,12.62,-0.14,-1.10,-0.18,-1.42
04/14/2016,12.76,-0.01,-0.08,-0.03,-0.25
04/13/2016,12.77,0.42,3.40,0.07,0.53
04/12/2016,12.35,0.12,0.98,0.04,0.35
04/11/2016,12.23,0.19,1.58,-0.10,-0.84
04/08/2016,12.04,0.17,1.43,-0.16,-1.30
04/07/2016,11.87,-0.32,-2.63,-0.25,-2.08
04/06/2016,12.19,0.20,1.67,0.02,0.17
04/05/2016,11.99,-0.27,-2.20,-0.19,-1.55
04/04/2016,12.26,12.26,0.00,-0.11,-0.89
04/01/2016,0,-12.49,-100.00,0.00,0.00
03/31/2016,12.49,12.49,0.00,-0.09,-0.75
03/30/2016,0,-12.42,-100.00,0.00,0.00
03/29/2016,12.42,0.15,1.22,0.10,0.83
03/28/2016,12.27,0.11,0.90,-0.04,-0.29
03/24/2016,12.16,-0.15,-1.22,-0.14,-1.16
03/23/2016,12.31,-0.21,-1.68,-0.23,-1.85
03/22/2016,12.52,-0.11,-0.87,-0.10,-0.79
03/21/2016,12.63,0.10,0.80,-0.01,-0.11
03/18/2016,12.53,0.12,0.97,-0.03,-0.21
03/17/2016,12.41,0.13,1.06,0.03,0.28
03/16/2016,12.28,0.12,0.99,0.14,1.13
03/15/2016,12.16,-0.07,-0.57,-0.03,-0.21
03/14/2016,12.23,0.06,0.49,-0.09,-0.70
03/11/2016,12.17,0.37,3.14,0.09,0.75
03/10/2016,11.8,-0.08,-0.67,-0.10,-0.88
03/09/2016,11.88,0.04,0.34,-0.06,-0.46
03/08/2016,11.84,-0.32,-2.63,-0.15,-1.29
03/07/2016,12.16,-0.09,-0.73,-0.03,-0.27
03/04/2016,12.25,0.38,3.20,0.17,1.43
03/03/2016,11.87,0.02,0.17,0.05,0.40
03/02/2016,11.85,0.33,2.86,0.04,0.31
03/01/2016,11.52,0.36,3.23,0.18,1.59
02/29/2016,11.16,0.00,0.00,0.04,0.37
02/26/2016,11.16,-0.01,-0.09,-0.10,-0.93
02/25/2016,11.17,-0.09,-0.80,0.12,1.11
02/24/2016,11.26,-0.03,-0.27,-0.06,-0.57
02/23/2016,11.29,-0.34,-2.92,-0.16,-1.36
02/22/2016,11.63,0.32,2.83,0.08,0.65
02/19/2016,11.31,0.06,0.53,-0.12,-1.02
02/18/2016,11.25,-0.19,-1.66,-0.19,-1.66
02/17/2016,11.44,0.19,1.69,0.25,2.23
02/16/2016,11.25,0.50,4.65,-0.08,-0.68
02/12/2016,10.75,0.18,1.70,0.15,1.46
02/11/2016,10.57,-0.19,-1.77,-0.27,-2.49
02/10/2016,10.76,0.05,0.47,-0.58,-5.11
02/09/2016,10.71,-0.08,-0.74,-0.62,-5.46
02/08/2016,10.79,-0.22,-2.00,-0.55,-4.88
02/05/2016,11.01,-0.09,-0.81,-0.33,-2.90
02/04/2016,11.1,-0.15,-1.33,-0.14,-1.27
02/03/2016,11.25,0.18,1.63,0.12,1.12
02/02/2016,11.07,-0.33,-2.89,-0.34,-2.97
02/01/2016,11.4,-0.24,-2.06,-0.15,-1.29
01/29/2016,11.64,0.38,3.37,-0.04,-0.31
01/28/2016,11.26,0.10,0.90,-0.05,-0.47
01/27/2016,11.16,-0.14,-1.24,-0.08,-0.71
01/26/2016,11.3,0.09,0.80,0.17,1.57
01/25/2016,11.21,-0.36,-3.11,-0.28,-2.46
01/22/2016,11.57,0.32,2.84,0.12,1.08
01/21/2016,11.25,-0.01,-0.09,0.19,1.71
01/20/2016,11.26,-0.40,-3.43,-0.09,-0.82
01/19/2016,11.66,0.21,1.83,-0.21,-1.78
01/15/2016,11.45,-0.60,-4.98,-0.27,-2.29
01/14/2016,12.05,0.15,1.26,0.02,0.18
01/13/2016,11.9,-0.24,-1.98,-0.24,-2.00
01/12/2016,12.14,-0.04,-0.33,0.07,0.54
01/11/2016,12.18,-0.05,-0.41,0.00,-0.01
01/08/2016,12.23,-0.21,-1.69,-0.44,-3.49
01/07/2016,12.44,-0.46,-3.57,-0.17,-1.34
01/06/2016,12.9,-0.27,-2.05,-0.22,-1.69
01/05/2016,13.17,0.02,0.15,-0.07,-0.52
01/04/2016,13.15,0.00,0.00,-0.19,-1.43
12/31/15,--,--,--,-0.19,-1.34
12/30/15,--,--,--,-0.12,-0.85
12/29/15,--,--,--,-0.02,-0.17
12/28/15,--,--,--,-0.04,-0.24
12/24/15,--,--,--,-0.05,-0.35
12/23/15,--,--,--,0.12,0.80
12/22/15,--,--,--,0.05,0.35
12/21/15,--,--,--,-0.11,-0.72
12/18/15,--,--,--,-0.04,-0.25
12/17/15,--,--,--,-0.28,-1.90
12/16/15,--,--,--,0.07,0.46
12/15/15,--,--,--,0.10,0.74
12/14/15,--,--,--,-0.08,-0.55
12/11/15,--,--,--,-0.38,-2.73
12/10/15,--,--,--,-0.17,-1.20
12/9/15,--,--,--,-0.18,-1.23
12/8/15,--,--,--,-0.15,-1.02
12/7/15,--,--,--,-0.11,-0.76
12/4/15,--,--,--,0.06,0.38
12/3/15,--,--,--,-0.29,-1.97
12/2/15,--,--,--,-0.24,-1.63
12/1/15,--,--,--,0.03,0.19
11/30/15,--,--,--,0.12,0.86
11/27/15,--,--,--,-0.01,-0.09
11/25/15,--,--,--,-0.03,-0.19
11/24/15,--,--,--,-0.02,-0.13
11/23/15,--,--,--,-0.10,-0.68
11/20/15,--,--,--,-0.04,-0.24
11/19/15,--,--,--,-0.10,-0.64
11/18/15,--,--,--,0.02,0.17
11/17/15,--,--,--,-0.07,-0.48
11/16/15,--,--,--,0.18,1.24
11/13/15,--,--,--,-0.34,-2.28
11/12/15,--,--,--,-0.37,-2.46
11/11/15,--,--,--,-0.06,-0.43
11/10/15,--,--,--,-0.14,-0.96
11/9/15,--,--,--,-0.32,-2.13
11/6/15,--,--,--,-0.12,-0.78
11/5/15,--,--,--,-0.08,-0.56
11/4/15,--,--,--,-0.11,-0.72
11/3/15,--,--,--,0.10,0.64
11/2/15,--,--,--,0.17,1.16
11/1/15,--,--,--,-0.05,-0.34
10/31/15,--,--,--,-0.05,-0.34
10/30/15,--,--,--,-0.06,-0.38
10/29/15,--,--,--,-0.10,-0.70
10/28/15,--,--,--,-0.15,-1.00
10/27/15,--,--,--,-0.18,-1.18
10/26/15,--,--,--,-0.08,-0.50
10/23/15,--,--,--,0.31,2.01
10/22/15,--,--,--,0.21,1.39
10/21/15,--,--,--,-0.26,-1.72
10/20/15,--,--,--,-0.04,-0.28
10/19/15,--,--,--,-0.13,-0.86
10/16/15,--,--,--,0.09,0.60
10/15/15,--,--,--,0.15,1.02
10/14/15,--,--,--,-0.07,-0.48
10/13/15,--,--,--,-0.27,-1.83
10/12/15,--,--,--,-0.21,-1.37
10/9/15,--,--,--,-0.01,-0.08
10/8/15,--,--,--,0.22,1.48
10/7/15,--,--,--,-0.11,-0.77
10/6/15,--,--,--,-0.03,-0.18
10/5/15,--,--,--,0.17,1.18
10/2/15,--,--,--,0.17,1.20
10/1/15,--,--,--,0.15,1.11
9/30/15,--,--,--,0.06,0.45
9/29/15,--,--,--,-0.03,-0.23
9/28/15,--,--,--,-0.47,-3.42
9/25/15,--,--,--,-0.21,-1.52
9/24/15,--,--,--,-0.11,-0.84
9/23/15,--,--,--,-0.11,-0.83
9/22/15,--,--,--,-0.27,-1.90
9/21/15,--,--,--,-0.04,-0.28
9/18/15,--,--,--,-0.42,-2.93
9/17/15,--,--,--,0.02,0.15
9/16/15,--,--,--,0.22,1.54
9/15/15,--,--,--,0.14,1.02
9/14/15,--,--,--,-0.07,-0.52
9/11/15,--,--,--,0.11,0.76
9/10/15,--,--,--,-0.08,-0.56
9/9/15,--,--,--,-0.42,-2.98
9/8/15,--,--,--,0.15,1.10
9/4/15,--,--,--,-0.35,-2.71
9/3/15,--,--,--,0.01,0.05
9/2/15,--,--,--,-0.14,-1.03
9/1/15,--,--,--,-0.43,-3.22
8/31/15,--,--,--,-0.18,-1.29
8/28/15,--,--,--,-0.05,-0.34
8/27/15,--,--,--,0.18,1.26
8/26/15,--,--,--,0.27,2.05
8/25/15,--,--,--,-0.20,-1.51
8/24/15,--,--,--,-0.47,-3.51
8/21/15,--,--,--,-0.48,-3.38
8/20/15,--,--,--,-0.38,-2.58
8/19/15,--,--,--,-0.28,-1.84
8/18/15,--,--,--,-0.06,-0.40
8/17/15,--,--,--,0.02,0.16
8/14/15,--,--,--,0.00,0.01
8/13/15,--,--,--,-0.08,-0.49
8/12/15,--,--,--,-0.07,-0.48
8/11/15,--,--,--,-0.11,-0.72
8/10/15,--,--,--,0.13,0.82
8/7/15,--,--,--,-0.17,-1.07
8/6/15,--,--,--,-0.16,-1.03
8/5/15,--,--,--,-0.08,-0.48
8/4/15,--,--,--,-0.11,-0.71
8/3/15,--,--,--,-0.19,-1.23
7/31/15,--,--,--,-0.18,-1.13
7/30/15,--,--,--,0.03,0.18
7/29/15,--,--,--,0.12,0.78
7/28/15,--,--,--,0.03,0.16
7/27/15,--,--,--,-0.26,-1.64
7/24/15,--,--,--,-0.29,-1.73
7/23/15,--,--,--,-0.28,-1.67
7/22/15,--,--,--,-0.18,-1.10
7/21/15,--,--,--,-0.22,-1.33
7/20/15,--,--,--,-0.11,-0.65
7/17/15,--,--,--,-0.03,-0.18
7/16/15,--,--,--,-0.12,-0.70
7/15/15,--,--,--,-0.31,-1.89
7/14/15,--,--,--,-0.12,-0.71
7/13/15,--,--,--,-0.31,-1.87
7/10/15,--,--,--,-0.21,-1.29
7/9/15,--,--,--,-0.40,-2.48
7/8/15,--,--,--,-0.65,-4.25
7/7/15,--,--,--,-0.36,-2.18
7/6/15,--,--,--,-0.08,-0.49
7/2/15,--,--,--,-0.23,-1.29
7/1/15,--,--,--,-0.39,-2.16
6/30/15,--,--,--,-0.22,-1.22
6/29/15,--,--,--,-0.31,-1.78
6/26/15,--,--,--,-0.28,-1.55
6/25/15,--,--,--,-0.11,-0.61
6/24/15,--,--,--,-0.09,-0.46
6/23/15,--,--,--,0.01,0.04
6/22/15,--,--,--,-0.07,-0.36
6/19/15,--,--,--,-0.05,-0.29
6/18/15,--,--,--,0.04,0.20
6/17/15,--,--,--,-0.21,-1.12
6/16/15,--,--,--,-0.05,-0.30
6/15/15,--,--,--,-0.18,-1.00
6/12/15,--,--,--,-0.01,-0.08
6/11/15,--,--,--,0.17,0.91
6/10/15,--,--,--,0.18,1.00
6/9/15,--,--,--,0.01,0.06
6/8/15,--,--,--,0.06,0.31
6/5/15,--,--,--,0.10,0.54
6/4/15,--,--,--,0.03,0.15
6/3/15,--,--,--,0.14,0.73
6/2/15,--,--,--,0.01,0.04
6/1/15,--,--,--,-0.08,-0.41
5/29/15,--,--,--,-0.10,-0.51
5/28/15,--,--,--,0.18,0.93
5/27/15,--,--,--,0.28,1.43
5/26/15,--,--,--,0.20,1.01
5/22/15,--,--,--,0.44,2.26
5/21/15,--,--,--,0.14,0.76
5/20/15,--,--,--,0.09,0.47
5/19/15,--,--,--,0.11,0.56
5/18/15,--,--,--,0.01,0.08
5/15/15,--,--,--,0.13,0.70
5/14/15,--,--,--,0.07,0.39
5/13/15,--,--,--,-0.12,-0.66
5/12/15,--,--,--,-0.03,-0.18
5/11/15,--,--,--,-0.17,-0.91
5/8/15,--,--,--,0.18,0.96
5/7/15,--,--,--,0.05,0.30
5/6/15,--,--,--,-0.32,-1.72
5/5/15,--,--,--,-0.03,-0.16
5/4/15,--,--,--,0.36,1.88
5/1/15,--,--,--,0.14,0.73
4/30/15,--,--,--,-0.13,-0.66
4/29/15,--,--,--,-0.01,-0.06
4/28/15,--,--,--,0.19,1.00
4/27/15,--,--,--,0.15,0.77
4/24/15,--,--,--,0.16,0.85
4/23/15,--,--,--,0.18,0.92
4/22/15,--,--,--,0.26,1.36
4/21/15,--,--,--,0.13,0.68
4/20/15,--,--,--,0.20,1.07
4/17/15,--,--,--,-0.50,-2.63
4/16/15,--,--,--,0.38,1.98
4/15/15,--,--,--,0.18,0.94
4/14/15,--,--,--,0.30,1.62
4/13/15,--,--,--,0.00,0.02
4/10/15,--,--,--,0.47,2.58
4/9/15,--,--,--,0.94,5.32
4/8/15,--,--,--,0.53,3.04
4/7/15,--,--,--,0.42,2.54
4/6/15,--,--,--,0.30,1.83
4/2/15,--,--,--,0.07,0.42
4/1/15,--,--,--,0.11,0.66
3/31/15,--,--,--,0.04,0.27
3/30/15,--,--,--,0.27,1.67
3/27/15,--,--,--,0.09,0.56
3/26/15,--,--,--,-0.14,-0.88
3/25/15,--,--,--,-0.19,-1.25
3/24/15,--,--,--,0.00,0.01
3/23/15,--,--,--,-0.08,-0.50
3/20/15,--,--,--,0.04,0.26
3/19/15,--,--,--,-0.04,-0.25
3/18/15,--,--,--,0.15,0.96
3/17/15,--,--,--,0.07,0.48
3/16/15,--,--,--,0.01,0.03
3/13/15,--,--,--,-0.13,-0.87
3/12/15,--,--,--,-0.09,-0.61
3/11/15,--,--,--,-0.10,-0.67
3/10/15,--,--,--,-0.26,-1.75
3/9/15,--,--,--,-0.10,-0.66
3/6/15,--,--,--,-0.22,-1.47
3/5/15,--,--,--,-0.07,-0.45
3/4/15,--,--,--,-0.08,-0.50
3/3/15,--,--,--,-0.05,-0.30
3/2/15,--,--,--,0.05,0.32
2/27/15,--,--,--,0.13,0.79
2/26/15,--,--,--,0.06,0.35
2/25/15,--,--,--,0.07,0.43
2/24/15,--,--,--,0.15,0.95
2/23/15,--,--,--,-0.09,-0.60
2/20/15,--,--,--,0.07,0.47
2/19/15,--,--,--,-0.03,-0.20
2/18/15,--,--,--,0.00,-0.01
2/17/15,--,--,--,0.08,0.51
2/13/15,--,--,--,0.06,0.38
2/12/15,--,--,--,0.18,1.14
2/11/15,--,--,--,0.12,0.77
2/10/15,--,--,--,0.03,0.18
2/9/15,--,--,--,0.00,0.00
2/6/15,--,--,--,-0.02,-0.10
2/5/15,--,--,--,0.16,1.06
2/4/15,--,--,--,0.32,2.10
2/3/15,--,--,--,0.20,1.28
2/2/15,--,--,--,0.08,0.51
1/30/15,--,--,--,-0.20,-1.31
1/29/15,--,--,--,0.11,0.73
1/28/15,--,--,--,-0.18,-1.16
1/27/15,--,--,--,0.08,0.51
1/26/15,--,--,--,0.16,1.00
1/23/15,--,--,--,0.16,0.98
1/22/15,--,--,--,0.40,2.52
1/21/15,--,--,--,0.20,1.29
1/20/15,--,--,--,0.09,0.61
1/16/15,--,--,--,0.07,0.42
1/15/15,--,--,--,-0.04,-0.25
1/14/15,--,--,--,0.04,0.28
1/13/15,--,--,--,0.12,0.76
1/12/15,--,--,--,0.01,0.03
1/9/15,--,--,--,0.10,0.62
1/8/15,--,--,--,0.25,1.60
1/7/15,--,--,--,0.17,1.08
1/6/15,--,--,--,-0.09,-0.58
1/5/15,--,--,--,-0.05,-0.30
1/2/15,--,--,--,-0.07,-0.46
1/1/15,--,--,--,0.17,1.06
